timestamp, utilization.gpu [%], temperature.gpu, temperature.memory, power.draw [W], power.draw.instant [W], clocks.current.sm [MHz], clocks.current.memory [MHz]
2023/08/23 08:08:11.095, 2 %, 33, 49, 207.38 W, 76.16 W, 1740 MHz, 1593 MHz
2023/08/23 08:08:11.109, 2 %, 33, 49, 207.38 W, 76.16 W, 1740 MHz, 1593 MHz
2023/08/23 08:08:11.118, 2 %, 33, 49, 207.38 W, 76.16 W, 1740 MHz, 1593 MHz
2023/08/23 08:08:11.123, 2 %, 33, 49, 207.38 W, 76.16 W, 1740 MHz, 1593 MHz
2023/08/23 08:08:11.128, 2 %, 33, 49, 207.38 W, 76.16 W, 1755 MHz, 1593 MHz
2023/08/23 08:08:11.139, 2 %, 33, 48, 207.38 W, 76.16 W, 1755 MHz, 1593 MHz
2023/08/23 08:08:11.145, 2 %, 33, 49, 207.38 W, 76.16 W, 1755 MHz, 1593 MHz
2023/08/23 08:08:11.150, 2 %, 33, 49, 207.38 W, 76.16 W, 1755 MHz, 1593 MHz
2023/08/23 08:08:11.157, 2 %, 33, 49, 207.38 W, 76.16 W, 1755 MHz, 1593 MHz
2023/08/23 08:08:11.163, 2 %, 33, 49, 207.38 W, 76.16 W, 1755 MHz, 1593 MHz
2023/08/23 08:08:11.169, 2 %, 33, 49, 207.38 W, 76.16 W, 1755 MHz, 1593 MHz
2023/08/23 08:08:11.179, 2 %, 33, 49, 207.38 W, 76.16 W, 1755 MHz, 1593 MHz
2023/08/23 08:08:11.186, 2 %, 33, 49, 207.38 W, 76.60 W, 1755 MHz, 1593 MHz
2023/08/23 08:08:11.192, 2 %, 33, 49, 189.32 W, 76.60 W, 1755 MHz, 1593 MHz
2023/08/23 08:08:11.206, 2 %, 33, 49, 189.32 W, 76.60 W, 1755 MHz, 1593 MHz
2023/08/23 08:08:11.212, 2 %, 33, 49, 189.32 W, 76.60 W, 1755 MHz, 1593 MHz
2023/08/23 08:08:11.218, 2 %, 33, 49, 189.32 W, 76.60 W, 1755 MHz, 1593 MHz
2023/08/23 08:08:11.223, 2 %, 33, 49, 189.32 W, 76.60 W, 1755 MHz, 1593 MHz
2023/08/23 08:08:11.228, 2 %, 33, 49, 189.32 W, 76.60 W, 1755 MHz, 1593 MHz
2023/08/23 08:08:11.237, 2 %, 33, 49, 189.32 W, 76.60 W, 1755 MHz, 1593 MHz
2023/08/23 08:08:11.242, 2 %, 33, 49, 189.32 W, 76.60 W, 1755 MHz, 1593 MHz
2023/08/23 08:08:11.248, 2 %, 33, 48, 189.32 W, 76.60 W, 1755 MHz, 1593 MHz
2023/08/23 08:08:11.253, 2 %, 33, 49, 189.32 W, 76.60 W, 1755 MHz, 1593 MHz
2023/08/23 08:08:11.259, 2 %, 33, 49, 189.32 W, 76.60 W, 1755 MHz, 1593 MHz
2023/08/23 08:08:11.265, 2 %, 33, 48, 189.32 W, 76.60 W, 1755 MHz, 1593 MHz
2023/08/23 08:08:11.270, 2 %, 33, 49, 189.32 W, 76.60 W, 1755 MHz, 1593 MHz
2023/08/23 08:08:11.278, 2 %, 33, 49, 189.32 W, 76.60 W, 1755 MHz, 1593 MHz
2023/08/23 08:08:11.283, 2 %, 33, 49, 189.32 W, 76.60 W, 1755 MHz, 1593 MHz
2023/08/23 08:08:11.289, 2 %, 33, 49, 161.15 W, 76.55 W, 1755 MHz, 1593 MHz
2023/08/23 08:08:11.306, 0 %, 33, 49, 161.15 W, 76.55 W, 1755 MHz, 1593 MHz
2023/08/23 08:08:11.311, 0 %, 33, 48, 161.15 W, 76.55 W, 1755 MHz, 1593 MHz
2023/08/23 08:08:11.317, 0 %, 33, 48, 161.15 W, 76.55 W, 1755 MHz, 1593 MHz
2023/08/23 08:08:11.322, 0 %, 33, 48, 161.15 W, 76.55 W, 1755 MHz, 1593 MHz
2023/08/23 08:08:11.328, 0 %, 33, 48, 161.15 W, 76.55 W, 1755 MHz, 1593 MHz
2023/08/23 08:08:11.333, 0 %, 33, 48, 161.15 W, 76.55 W, 1755 MHz, 1593 MHz
2023/08/23 08:08:11.339, 0 %, 33, 49, 161.15 W, 76.55 W, 1755 MHz, 1593 MHz
2023/08/23 08:08:11.344, 0 %, 33, 49, 161.15 W, 76.55 W, 1755 MHz, 1593 MHz
2023/08/23 08:08:11.349, 0 %, 33, 49, 161.15 W, 76.55 W, 1755 MHz, 1593 MHz
2023/08/23 08:08:11.357, 0 %, 33, 49, 161.15 W, 76.55 W, 1755 MHz, 1593 MHz
2023/08/23 08:08:11.362, 0 %, 33, 49, 161.15 W, 76.55 W, 1755 MHz, 1593 MHz
2023/08/23 08:08:11.367, 0 %, 33, 49, 161.15 W, 76.55 W, 1755 MHz, 1593 MHz
2023/08/23 08:08:11.372, 0 %, 33, 49, 161.15 W, 76.55 W, 1755 MHz, 1593 MHz
2023/08/23 08:08:11.378, 0 %, 33, 49, 161.15 W, 76.55 W, 1755 MHz, 1593 MHz
2023/08/23 08:08:11.384, 0 %, 33, 48, 161.15 W, 76.55 W, 1755 MHz, 1593 MHz
2023/08/23 08:08:11.389, 0 %, 33, 49, 141.36 W, 76.55 W, 1755 MHz, 1593 MHz
2023/08/23 08:08:11.406, 0 %, 33, 48, 141.36 W, 76.55 W, 1755 MHz, 1593 MHz
2023/08/23 08:08:11.417, 0 %, 33, 49, 141.36 W, 76.55 W, 1755 MHz, 1593 MHz
2023/08/23 08:08:11.423, 0 %, 33, 49, 141.36 W, 76.55 W, 1755 MHz, 1593 MHz
2023/08/23 08:08:11.428, 0 %, 33, 49, 141.36 W, 76.55 W, 1755 MHz, 1593 MHz
2023/08/23 08:08:11.436, 0 %, 33, 49, 141.36 W, 76.55 W, 1755 MHz, 1593 MHz
2023/08/23 08:08:11.442, 0 %, 33, 48, 141.36 W, 76.55 W, 1755 MHz, 1593 MHz
2023/08/23 08:08:11.448, 0 %, 33, 48, 141.36 W, 76.55 W, 1755 MHz, 1593 MHz
2023/08/23 08:08:11.478, 0 %, 33, 49, 141.36 W, 76.55 W, 1755 MHz, 1593 MHz
2023/08/23 08:08:11.484, 0 %, 33, 48, 141.36 W, 76.55 W, 1755 MHz, 1593 MHz
2023/08/23 08:08:11.504, 0 %, 33, 49, 135.51 W, 76.55 W, 1755 MHz, 1593 MHz
2023/08/23 08:08:11.509, 0 %, 33, 49, 135.51 W, 76.55 W, 1755 MHz, 1593 MHz
2023/08/23 08:08:11.517, 0 %, 33, 49, 135.51 W, 76.55 W, 1755 MHz, 1593 MHz
2023/08/23 08:08:11.522, 0 %, 33, 48, 135.51 W, 76.55 W, 1755 MHz, 1593 MHz
2023/08/23 08:08:11.528, 0 %, 33, 49, 135.51 W, 76.55 W, 1755 MHz, 1593 MHz
2023/08/23 08:08:11.537, 0 %, 33, 48, 135.51 W, 76.55 W, 1755 MHz, 1593 MHz
2023/08/23 08:08:11.542, 0 %, 33, 49, 135.51 W, 76.55 W, 1755 MHz, 1593 MHz
2023/08/23 08:08:11.548, 0 %, 33, 49, 135.51 W, 76.55 W, 1755 MHz, 1593 MHz
2023/08/23 08:08:11.559, 0 %, 33, 49, 135.51 W, 76.55 W, 1755 MHz, 1593 MHz
2023/08/23 08:08:11.565, 0 %, 33, 48, 135.51 W, 76.55 W, 1755 MHz, 1593 MHz
2023/08/23 08:08:11.571, 0 %, 33, 49, 135.51 W, 76.55 W, 1755 MHz, 1593 MHz
2023/08/23 08:08:11.578, 0 %, 33, 49, 135.51 W, 76.55 W, 1755 MHz, 1593 MHz
2023/08/23 08:08:11.583, 0 %, 33, 49, 135.51 W, 76.55 W, 1755 MHz, 1593 MHz
2023/08/23 08:08:11.588, 0 %, 33, 48, 117.34 W, 76.07 W, 1755 MHz, 1593 MHz
2023/08/23 08:08:11.605, 0 %, 33, 48, 117.34 W, 76.07 W, 1755 MHz, 1593 MHz
2023/08/23 08:08:11.610, 0 %, 33, 49, 117.34 W, 76.07 W, 1755 MHz, 1593 MHz
2023/08/23 08:08:11.618, 0 %, 33, 48, 117.34 W, 76.07 W, 1755 MHz, 1593 MHz
2023/08/23 08:08:11.624, 0 %, 33, 48, 117.34 W, 76.07 W, 1755 MHz, 1593 MHz
2023/08/23 08:08:11.629, 0 %, 33, 49, 117.34 W, 76.07 W, 1755 MHz, 1593 MHz
2023/08/23 08:08:11.637, 0 %, 33, 49, 117.34 W, 76.07 W, 1755 MHz, 1593 MHz
2023/08/23 08:08:11.643, 0 %, 33, 48, 117.34 W, 76.07 W, 1755 MHz, 1593 MHz
2023/08/23 08:08:11.648, 0 %, 33, 48, 117.34 W, 76.07 W, 1755 MHz, 1593 MHz
2023/08/23 08:08:11.656, 0 %, 33, 48, 117.34 W, 76.07 W, 1755 MHz, 1593 MHz
2023/08/23 08:08:11.661, 0 %, 33, 48, 117.34 W, 76.07 W, 1755 MHz, 1593 MHz
2023/08/23 08:08:11.666, 0 %, 33, 48, 117.34 W, 76.07 W, 1755 MHz, 1593 MHz
2023/08/23 08:08:11.671, 0 %, 33, 49, 117.34 W, 76.07 W, 1755 MHz, 1593 MHz
2023/08/23 08:08:11.677, 0 %, 33, 48, 117.34 W, 76.07 W, 1755 MHz, 1593 MHz
2023/08/23 08:08:11.683, 0 %, 33, 48, 117.34 W, 76.07 W, 1755 MHz, 1593 MHz
2023/08/23 08:08:11.688, 0 %, 33, 49, 99.56 W, 76.55 W, 1755 MHz, 1593 MHz
2023/08/23 08:08:11.706, 2 %, 33, 48, 99.56 W, 76.55 W, 1755 MHz, 1593 MHz
2023/08/23 08:08:11.711, 2 %, 33, 48, 99.56 W, 76.55 W, 1755 MHz, 1593 MHz
2023/08/23 08:08:11.718, 2 %, 33, 49, 99.56 W, 76.55 W, 1755 MHz, 1593 MHz
2023/08/23 08:08:11.723, 2 %, 33, 48, 99.56 W, 76.55 W, 1755 MHz, 1593 MHz
2023/08/23 08:08:11.728, 2 %, 33, 49, 99.56 W, 76.55 W, 1755 MHz, 1593 MHz
2023/08/23 08:08:11.736, 2 %, 33, 48, 99.56 W, 76.55 W, 1755 MHz, 1593 MHz
2023/08/23 08:08:11.742, 2 %, 33, 48, 99.56 W, 76.55 W, 1755 MHz, 1593 MHz
2023/08/23 08:08:11.747, 2 %, 33, 49, 99.56 W, 76.55 W, 1755 MHz, 1593 MHz
2023/08/23 08:08:11.753, 2 %, 33, 49, 99.56 W, 76.55 W, 1755 MHz, 1593 MHz
2023/08/23 08:08:11.759, 2 %, 33, 49, 99.56 W, 76.55 W, 1755 MHz, 1593 MHz
2023/08/23 08:08:11.764, 2 %, 33, 49, 99.56 W, 76.55 W, 1755 MHz, 1593 MHz
2023/08/23 08:08:11.769, 2 %, 33, 49, 99.56 W, 76.55 W, 1755 MHz, 1593 MHz
2023/08/23 08:08:11.777, 2 %, 33, 48, 99.56 W, 76.55 W, 1755 MHz, 1593 MHz
2023/08/23 08:08:11.782, 2 %, 33, 49, 99.56 W, 76.55 W, 1755 MHz, 1593 MHz
2023/08/23 08:08:11.787, 2 %, 33, 48, 76.31 W, 76.60 W, 1755 MHz, 1593 MHz
2023/08/23 08:08:11.793, 2 %, 33, 49, 76.31 W, 76.60 W, 1755 MHz, 1593 MHz
2023/08/23 08:08:11.807, 2 %, 33, 48, 76.31 W, 76.60 W, 1755 MHz, 1593 MHz
2023/08/23 08:08:11.812, 2 %, 33, 48, 76.31 W, 76.60 W, 1755 MHz, 1593 MHz
2023/08/23 08:08:11.818, 2 %, 33, 49, 76.31 W, 76.60 W, 1755 MHz, 1593 MHz
2023/08/23 08:08:11.823, 2 %, 33, 48, 76.31 W, 76.60 W, 1755 MHz, 1593 MHz
2023/08/23 08:08:11.828, 2 %, 33, 49, 76.31 W, 76.60 W, 1755 MHz, 1593 MHz
2023/08/23 08:08:11.836, 2 %, 33, 48, 76.31 W, 76.60 W, 1755 MHz, 1593 MHz
2023/08/23 08:08:11.842, 2 %, 33, 48, 76.31 W, 76.60 W, 1755 MHz, 1593 MHz
2023/08/23 08:08:11.847, 2 %, 33, 48, 76.31 W, 76.60 W, 1755 MHz, 1593 MHz
2023/08/23 08:08:11.853, 2 %, 33, 48, 76.31 W, 76.60 W, 1755 MHz, 1593 MHz
2023/08/23 08:08:11.859, 2 %, 33, 48, 76.31 W, 76.60 W, 1755 MHz, 1593 MHz
2023/08/23 08:08:11.864, 2 %, 33, 48, 76.31 W, 76.60 W, 1755 MHz, 1593 MHz
2023/08/23 08:08:11.869, 2 %, 33, 48, 76.31 W, 76.60 W, 1755 MHz, 1593 MHz
2023/08/23 08:08:11.877, 2 %, 33, 49, 76.31 W, 76.60 W, 1755 MHz, 1593 MHz
2023/08/23 08:08:11.882, 2 %, 33, 48, 76.31 W, 76.60 W, 1755 MHz, 1593 MHz
2023/08/23 08:08:11.887, 2 %, 33, 48, 76.34 W, 76.60 W, 1755 MHz, 1593 MHz
2023/08/23 08:08:11.906, 1 %, 33, 48, 76.34 W, 76.60 W, 1755 MHz, 1593 MHz
2023/08/23 08:08:11.911, 1 %, 33, 48, 76.34 W, 76.60 W, 1755 MHz, 1593 MHz
2023/08/23 08:08:11.918, 1 %, 33, 48, 76.34 W, 76.60 W, 1755 MHz, 1593 MHz
2023/08/23 08:08:11.922, 1 %, 33, 48, 76.34 W, 76.60 W, 1755 MHz, 1593 MHz
2023/08/23 08:08:11.928, 1 %, 33, 48, 76.34 W, 76.60 W, 1755 MHz, 1593 MHz
2023/08/23 08:08:11.936, 1 %, 33, 48, 76.34 W, 76.60 W, 1755 MHz, 1593 MHz
2023/08/23 08:08:11.942, 1 %, 33, 48, 76.34 W, 76.60 W, 1755 MHz, 1593 MHz
2023/08/23 08:08:11.947, 1 %, 33, 48, 76.34 W, 76.60 W, 1755 MHz, 1593 MHz
2023/08/23 08:08:11.952, 1 %, 33, 48, 76.34 W, 76.60 W, 1755 MHz, 1593 MHz
2023/08/23 08:08:11.958, 1 %, 33, 48, 76.34 W, 76.60 W, 1755 MHz, 1593 MHz
2023/08/23 08:08:11.964, 1 %, 33, 48, 76.34 W, 76.60 W, 1755 MHz, 1593 MHz
2023/08/23 08:08:11.969, 1 %, 33, 47, 76.34 W, 76.60 W, 1755 MHz, 1593 MHz
2023/08/23 08:08:11.977, 1 %, 33, 48, 76.34 W, 76.60 W, 1755 MHz, 1593 MHz
2023/08/23 08:08:11.982, 1 %, 33, 48, 76.34 W, 76.60 W, 1755 MHz, 1593 MHz
2023/08/23 08:08:11.987, 1 %, 33, 48, 76.34 W, 76.60 W, 1755 MHz, 1593 MHz
2023/08/23 08:08:11.993, 1 %, 33, 48, 76.44 W, 76.60 W, 1755 MHz, 1593 MHz
2023/08/23 08:08:12.008, 1 %, 33, 48, 76.44 W, 76.60 W, 1755 MHz, 1593 MHz
2023/08/23 08:08:12.016, 1 %, 33, 48, 76.44 W, 76.60 W, 1755 MHz, 1593 MHz
2023/08/23 08:08:12.021, 1 %, 33, 48, 76.44 W, 76.60 W, 1755 MHz, 1593 MHz
2023/08/23 08:08:12.027, 1 %, 33, 48, 76.44 W, 76.60 W, 1755 MHz, 1593 MHz
2023/08/23 08:08:12.032, 1 %, 33, 48, 76.44 W, 76.60 W, 1755 MHz, 1593 MHz
2023/08/23 08:08:12.038, 1 %, 33, 48, 76.44 W, 76.60 W, 1755 MHz, 1593 MHz
2023/08/23 08:08:12.043, 1 %, 33, 48, 76.44 W, 76.60 W, 1755 MHz, 1593 MHz
2023/08/23 08:08:12.048, 1 %, 33, 48, 76.44 W, 76.60 W, 1755 MHz, 1593 MHz
2023/08/23 08:08:12.057, 1 %, 33, 48, 76.44 W, 76.60 W, 1755 MHz, 1593 MHz
2023/08/23 08:08:12.062, 1 %, 33, 48, 76.44 W, 76.60 W, 1755 MHz, 1593 MHz
2023/08/23 08:08:12.068, 1 %, 33, 48, 76.44 W, 76.60 W, 1755 MHz, 1593 MHz
2023/08/23 08:08:12.073, 1 %, 33, 48, 76.44 W, 76.60 W, 1755 MHz, 1593 MHz
2023/08/23 08:08:12.079, 1 %, 33, 48, 76.44 W, 76.60 W, 1755 MHz, 1593 MHz
2023/08/23 08:08:12.084, 1 %, 33, 48, 76.44 W, 76.12 W, 1755 MHz, 1593 MHz
2023/08/23 08:08:12.091, 1 %, 33, 48, 76.44 W, 76.12 W, 1755 MHz, 1593 MHz
2023/08/23 08:08:12.110, 1 %, 33, 48, 76.44 W, 76.12 W, 1755 MHz, 1593 MHz
2023/08/23 08:08:12.117, 1 %, 33, 48, 76.44 W, 76.12 W, 1755 MHz, 1593 MHz
2023/08/23 08:08:12.122, 1 %, 33, 48, 76.44 W, 76.12 W, 1755 MHz, 1593 MHz
2023/08/23 08:08:12.127, 1 %, 33, 49, 76.44 W, 76.12 W, 1755 MHz, 1593 MHz
2023/08/23 08:08:12.132, 1 %, 33, 48, 76.44 W, 76.12 W, 1755 MHz, 1593 MHz
2023/08/23 08:08:12.138, 1 %, 33, 48, 76.44 W, 76.12 W, 1755 MHz, 1593 MHz
2023/08/23 08:08:12.144, 1 %, 33, 48, 76.44 W, 76.12 W, 1755 MHz, 1593 MHz
2023/08/23 08:08:12.149, 1 %, 33, 48, 76.44 W, 76.12 W, 1755 MHz, 1593 MHz
2023/08/23 08:08:12.157, 1 %, 33, 48, 76.44 W, 76.12 W, 1755 MHz, 1593 MHz
2023/08/23 08:08:12.162, 1 %, 33, 48, 76.44 W, 76.12 W, 1755 MHz, 1593 MHz
2023/08/23 08:08:12.168, 1 %, 33, 48, 76.44 W, 76.12 W, 1755 MHz, 1593 MHz
2023/08/23 08:08:12.173, 1 %, 33, 48, 76.44 W, 76.12 W, 1755 MHz, 1593 MHz
2023/08/23 08:08:12.179, 1 %, 33, 48, 76.44 W, 76.12 W, 1755 MHz, 1593 MHz
2023/08/23 08:08:12.184, 1 %, 33, 48, 76.44 W, 76.60 W, 1755 MHz, 1593 MHz
2023/08/23 08:08:12.191, 1 %, 33, 48, 76.44 W, 76.60 W, 1755 MHz, 1593 MHz
2023/08/23 08:08:12.206, 1 %, 33, 48, 76.44 W, 76.60 W, 1755 MHz, 1593 MHz
2023/08/23 08:08:12.213, 1 %, 33, 48, 76.44 W, 76.60 W, 1755 MHz, 1593 MHz
2023/08/23 08:08:12.218, 1 %, 33, 48, 76.44 W, 76.60 W, 1755 MHz, 1593 MHz
2023/08/23 08:08:12.223, 1 %, 33, 48, 76.44 W, 76.60 W, 1755 MHz, 1593 MHz
2023/08/23 08:08:12.228, 1 %, 33, 48, 76.44 W, 76.60 W, 1755 MHz, 1593 MHz
2023/08/23 08:08:12.236, 1 %, 33, 48, 76.44 W, 76.60 W, 1755 MHz, 1593 MHz
2023/08/23 08:08:12.242, 1 %, 33, 48, 76.44 W, 76.60 W, 1755 MHz, 1593 MHz
2023/08/23 08:08:12.247, 1 %, 33, 48, 76.44 W, 76.60 W, 1755 MHz, 1593 MHz
2023/08/23 08:08:12.252, 1 %, 33, 48, 76.44 W, 76.60 W, 1755 MHz, 1593 MHz
2023/08/23 08:08:12.259, 1 %, 33, 48, 76.44 W, 76.60 W, 1755 MHz, 1593 MHz
2023/08/23 08:08:12.264, 1 %, 33, 48, 76.44 W, 76.60 W, 1755 MHz, 1593 MHz
2023/08/23 08:08:12.269, 1 %, 33, 48, 76.44 W, 76.60 W, 1755 MHz, 1593 MHz
2023/08/23 08:08:12.277, 1 %, 33, 48, 76.44 W, 76.60 W, 1755 MHz, 1593 MHz
2023/08/23 08:08:12.282, 1 %, 33, 48, 76.44 W, 76.60 W, 1755 MHz, 1593 MHz
2023/08/23 08:08:12.287, 1 %, 33, 48, 76.45 W, 76.60 W, 1755 MHz, 1593 MHz
2023/08/23 08:08:12.305, 2 %, 33, 48, 76.45 W, 76.60 W, 1755 MHz, 1593 MHz
2023/08/23 08:08:12.311, 2 %, 33, 48, 76.45 W, 76.60 W, 1755 MHz, 1593 MHz
2023/08/23 08:08:12.318, 2 %, 33, 48, 76.45 W, 76.60 W, 1755 MHz, 1593 MHz
2023/08/23 08:08:12.323, 2 %, 33, 48, 76.45 W, 76.60 W, 1755 MHz, 1593 MHz
2023/08/23 08:08:12.328, 2 %, 33, 48, 76.45 W, 76.60 W, 1755 MHz, 1593 MHz
2023/08/23 08:08:12.336, 2 %, 33, 48, 76.45 W, 76.60 W, 1755 MHz, 1593 MHz
2023/08/23 08:08:12.342, 2 %, 33, 48, 76.45 W, 76.60 W, 1755 MHz, 1593 MHz
2023/08/23 08:08:12.347, 2 %, 33, 48, 76.45 W, 76.60 W, 1755 MHz, 1593 MHz
2023/08/23 08:08:12.352, 2 %, 33, 48, 76.45 W, 76.60 W, 1755 MHz, 1593 MHz
2023/08/23 08:08:12.359, 2 %, 33, 48, 76.45 W, 76.60 W, 1755 MHz, 1593 MHz
2023/08/23 08:08:12.364, 2 %, 33, 48, 76.45 W, 76.60 W, 1755 MHz, 1593 MHz
2023/08/23 08:08:12.369, 2 %, 33, 48, 76.45 W, 76.60 W, 1755 MHz, 1593 MHz
2023/08/23 08:08:12.377, 2 %, 33, 48, 76.45 W, 76.60 W, 1755 MHz, 1593 MHz
2023/08/23 08:08:12.382, 2 %, 33, 49, 76.45 W, 76.60 W, 1755 MHz, 1593 MHz
2023/08/23 08:08:12.387, 2 %, 33, 48, 76.45 W, 76.55 W, 1755 MHz, 1593 MHz
2023/08/23 08:08:12.405, 2 %, 33, 48, 76.45 W, 76.55 W, 1755 MHz, 1593 MHz
2023/08/23 08:08:12.410, 2 %, 33, 48, 76.45 W, 76.55 W, 1755 MHz, 1593 MHz
2023/08/23 08:08:12.418, 2 %, 33, 48, 76.45 W, 76.55 W, 1755 MHz, 1593 MHz
2023/08/23 08:08:12.424, 2 %, 33, 48, 76.45 W, 76.55 W, 1755 MHz, 1593 MHz
2023/08/23 08:08:12.429, 2 %, 33, 48, 76.45 W, 76.55 W, 1755 MHz, 1593 MHz
2023/08/23 08:08:12.437, 2 %, 33, 48, 76.45 W, 76.55 W, 1755 MHz, 1593 MHz
2023/08/23 08:08:12.442, 2 %, 33, 48, 76.45 W, 76.55 W, 1755 MHz, 1593 MHz
2023/08/23 08:08:12.447, 2 %, 33, 48, 76.45 W, 76.55 W, 1755 MHz, 1593 MHz
2023/08/23 08:08:12.453, 2 %, 33, 48, 76.45 W, 76.55 W, 1755 MHz, 1593 MHz
2023/08/23 08:08:12.459, 2 %, 33, 48, 76.45 W, 76.55 W, 1755 MHz, 1593 MHz
2023/08/23 08:08:12.464, 2 %, 33, 48, 76.45 W, 76.55 W, 1755 MHz, 1593 MHz
2023/08/23 08:08:12.469, 2 %, 33, 48, 76.45 W, 76.55 W, 1755 MHz, 1593 MHz
2023/08/23 08:08:12.477, 2 %, 33, 48, 76.45 W, 76.55 W, 1755 MHz, 1593 MHz
2023/08/23 08:08:12.483, 2 %, 33, 48, 76.45 W, 76.55 W, 1755 MHz, 1593 MHz
2023/08/23 08:08:12.488, 2 %, 33, 48, 76.50 W, 76.60 W, 1755 MHz, 1593 MHz
2023/08/23 08:08:12.506, 2 %, 33, 49, 76.50 W, 76.60 W, 1755 MHz, 1593 MHz
2023/08/23 08:08:12.511, 2 %, 33, 48, 76.50 W, 76.60 W, 1755 MHz, 1593 MHz
2023/08/23 08:08:12.517, 2 %, 33, 48, 76.50 W, 76.60 W, 1755 MHz, 1593 MHz
2023/08/23 08:08:12.523, 2 %, 33, 48, 76.50 W, 76.60 W, 1755 MHz, 1593 MHz
2023/08/23 08:08:12.528, 2 %, 33, 48, 76.50 W, 76.60 W, 1755 MHz, 1593 MHz
2023/08/23 08:08:12.537, 2 %, 33, 48, 76.50 W, 76.60 W, 1755 MHz, 1593 MHz
2023/08/23 08:08:12.542, 2 %, 33, 48, 76.50 W, 76.60 W, 1755 MHz, 1593 MHz
2023/08/23 08:08:12.548, 2 %, 33, 48, 76.50 W, 76.60 W, 1755 MHz, 1593 MHz
2023/08/23 08:08:12.553, 2 %, 33, 48, 76.50 W, 76.60 W, 1755 MHz, 1593 MHz
2023/08/23 08:08:12.559, 2 %, 33, 47, 76.50 W, 76.60 W, 1755 MHz, 1593 MHz
2023/08/23 08:08:12.565, 2 %, 33, 48, 76.50 W, 76.60 W, 1755 MHz, 1593 MHz
2023/08/23 08:08:12.570, 2 %, 33, 48, 76.50 W, 76.60 W, 1755 MHz, 1593 MHz
2023/08/23 08:08:12.577, 2 %, 33, 48, 76.50 W, 76.60 W, 1755 MHz, 1593 MHz
2023/08/23 08:08:12.583, 2 %, 33, 48, 76.50 W, 76.60 W, 1755 MHz, 1593 MHz
2023/08/23 08:08:12.588, 2 %, 33, 48, 76.50 W, 76.07 W, 1755 MHz, 1593 MHz
2023/08/23 08:08:12.605, 2 %, 33, 48, 76.50 W, 76.07 W, 1755 MHz, 1593 MHz
2023/08/23 08:08:12.610, 2 %, 33, 48, 76.50 W, 76.07 W, 1755 MHz, 1593 MHz
2023/08/23 08:08:12.617, 2 %, 33, 48, 76.50 W, 76.07 W, 1755 MHz, 1593 MHz
2023/08/23 08:08:12.623, 2 %, 33, 48, 76.50 W, 76.07 W, 1755 MHz, 1593 MHz
2023/08/23 08:08:12.628, 2 %, 33, 48, 76.50 W, 76.07 W, 1755 MHz, 1593 MHz
2023/08/23 08:08:12.636, 2 %, 33, 48, 76.50 W, 76.07 W, 1755 MHz, 1593 MHz
2023/08/23 08:08:12.641, 2 %, 33, 48, 76.50 W, 76.07 W, 1755 MHz, 1593 MHz
2023/08/23 08:08:12.647, 2 %, 33, 48, 76.50 W, 76.07 W, 1755 MHz, 1593 MHz
2023/08/23 08:08:12.652, 2 %, 33, 48, 76.50 W, 76.07 W, 1755 MHz, 1593 MHz
2023/08/23 08:08:12.658, 2 %, 33, 48, 76.50 W, 76.07 W, 1755 MHz, 1593 MHz
2023/08/23 08:08:12.663, 2 %, 33, 48, 76.50 W, 76.07 W, 1755 MHz, 1593 MHz
2023/08/23 08:08:12.668, 2 %, 33, 49, 76.50 W, 76.07 W, 1755 MHz, 1593 MHz
2023/08/23 08:08:12.676, 2 %, 33, 48, 76.50 W, 76.07 W, 1755 MHz, 1593 MHz
2023/08/23 08:08:12.682, 2 %, 33, 48, 76.50 W, 76.07 W, 1755 MHz, 1593 MHz
2023/08/23 08:08:12.687, 2 %, 33, 48, 76.55 W, 77.05 W, 1755 MHz, 1593 MHz
2023/08/23 08:08:12.708, 2 %, 33, 48, 76.55 W, 77.05 W, 1755 MHz, 1593 MHz
2023/08/23 08:08:12.717, 2 %, 33, 48, 76.55 W, 77.05 W, 1755 MHz, 1593 MHz
2023/08/23 08:08:12.723, 2 %, 33, 48, 76.55 W, 77.05 W, 1755 MHz, 1593 MHz
2023/08/23 08:08:12.728, 2 %, 33, 48, 76.55 W, 77.05 W, 1755 MHz, 1593 MHz
2023/08/23 08:08:12.737, 2 %, 33, 48, 76.55 W, 77.05 W, 1755 MHz, 1593 MHz
2023/08/23 08:08:12.742, 2 %, 33, 48, 76.55 W, 77.05 W, 1755 MHz, 1593 MHz
2023/08/23 08:08:12.747, 2 %, 33, 48, 76.55 W, 77.05 W, 1755 MHz, 1593 MHz
2023/08/23 08:08:12.780, 2 %, 33, 48, 76.55 W, 77.05 W, 1755 MHz, 1593 MHz
2023/08/23 08:08:12.786, 2 %, 33, 48, 76.55 W, 76.55 W, 1755 MHz, 1593 MHz
2023/08/23 08:08:12.793, 2 %, 33, 48, 76.55 W, 76.55 W, 1755 MHz, 1593 MHz
2023/08/23 08:08:12.806, 2 %, 33, 48, 76.55 W, 76.55 W, 1755 MHz, 1593 MHz
2023/08/23 08:08:12.812, 2 %, 33, 48, 76.55 W, 76.55 W, 1755 MHz, 1593 MHz
2023/08/23 08:08:12.818, 2 %, 33, 48, 76.55 W, 76.55 W, 1755 MHz, 1593 MHz
2023/08/23 08:08:12.824, 2 %, 33, 48, 76.55 W, 76.55 W, 1755 MHz, 1593 MHz
2023/08/23 08:08:12.829, 2 %, 33, 48, 76.55 W, 76.55 W, 1755 MHz, 1593 MHz
2023/08/23 08:08:12.837, 2 %, 33, 48, 76.55 W, 76.55 W, 1755 MHz, 1593 MHz
2023/08/23 08:08:12.842, 2 %, 33, 48, 76.55 W, 76.55 W, 1755 MHz, 1593 MHz
2023/08/23 08:08:12.847, 2 %, 33, 48, 76.55 W, 76.55 W, 1755 MHz, 1593 MHz
2023/08/23 08:08:12.852, 2 %, 33, 48, 76.55 W, 76.55 W, 1755 MHz, 1593 MHz
2023/08/23 08:08:12.858, 2 %, 33, 48, 76.55 W, 76.55 W, 1755 MHz, 1593 MHz
2023/08/23 08:08:12.863, 2 %, 33, 48, 76.55 W, 76.55 W, 1755 MHz, 1593 MHz
2023/08/23 08:08:12.868, 2 %, 33, 48, 76.55 W, 76.55 W, 1755 MHz, 1593 MHz
2023/08/23 08:08:12.877, 2 %, 33, 48, 76.55 W, 76.55 W, 1755 MHz, 1593 MHz
2023/08/23 08:08:12.882, 2 %, 33, 48, 76.55 W, 76.55 W, 1755 MHz, 1593 MHz
2023/08/23 08:08:12.888, 2 %, 33, 48, 76.58 W, 77.04 W, 1755 MHz, 1593 MHz
2023/08/23 08:08:12.908, 3 %, 33, 48, 76.58 W, 77.04 W, 1755 MHz, 1593 MHz
2023/08/23 08:08:12.916, 3 %, 33, 48, 76.58 W, 77.04 W, 1755 MHz, 1593 MHz
2023/08/23 08:08:12.922, 3 %, 33, 48, 76.58 W, 77.04 W, 1755 MHz, 1593 MHz
2023/08/23 08:08:12.927, 3 %, 33, 48, 76.58 W, 77.04 W, 1755 MHz, 1593 MHz
2023/08/23 08:08:12.933, 3 %, 33, 48, 76.58 W, 77.04 W, 1755 MHz, 1593 MHz
2023/08/23 08:08:12.939, 3 %, 33, 48, 76.58 W, 77.04 W, 1755 MHz, 1593 MHz
2023/08/23 08:08:12.945, 3 %, 33, 48, 76.58 W, 77.04 W, 1755 MHz, 1593 MHz
2023/08/23 08:08:12.950, 3 %, 33, 48, 76.58 W, 77.04 W, 1755 MHz, 1593 MHz
2023/08/23 08:08:12.957, 3 %, 33, 48, 76.58 W, 77.04 W, 1755 MHz, 1593 MHz
2023/08/23 08:08:12.963, 3 %, 33, 48, 76.58 W, 77.04 W, 1755 MHz, 1593 MHz
2023/08/23 08:08:12.968, 3 %, 33, 48, 76.58 W, 77.04 W, 1755 MHz, 1593 MHz
2023/08/23 08:08:12.976, 3 %, 33, 48, 76.58 W, 77.04 W, 1755 MHz, 1593 MHz
2023/08/23 08:08:12.982, 3 %, 33, 48, 76.58 W, 77.04 W, 1755 MHz, 1593 MHz
2023/08/23 08:08:12.987, 3 %, 33, 48, 76.58 W, 76.07 W, 1755 MHz, 1593 MHz
2023/08/23 08:08:12.993, 3 %, 33, 48, 76.53 W, 76.07 W, 1755 MHz, 1593 MHz
2023/08/23 08:08:13.006, 3 %, 33, 48, 76.53 W, 76.07 W, 1755 MHz, 1593 MHz
2023/08/23 08:08:13.012, 3 %, 33, 48, 76.53 W, 76.07 W, 1755 MHz, 1593 MHz
2023/08/23 08:08:13.018, 3 %, 33, 48, 76.53 W, 76.07 W, 1755 MHz, 1593 MHz
2023/08/23 08:08:13.024, 3 %, 33, 48, 76.53 W, 76.07 W, 1755 MHz, 1593 MHz
2023/08/23 08:08:13.029, 3 %, 33, 48, 76.53 W, 76.07 W, 1755 MHz, 1593 MHz
2023/08/23 08:08:13.037, 3 %, 33, 48, 76.53 W, 76.07 W, 1755 MHz, 1593 MHz
2023/08/23 08:08:13.043, 3 %, 33, 48, 76.53 W, 76.07 W, 1755 MHz, 1593 MHz
2023/08/23 08:08:13.048, 3 %, 33, 48, 76.53 W, 76.07 W, 1755 MHz, 1593 MHz
2023/08/23 08:08:13.057, 3 %, 33, 48, 76.53 W, 76.07 W, 1755 MHz, 1593 MHz
2023/08/23 08:08:13.062, 3 %, 33, 48, 76.53 W, 76.07 W, 1755 MHz, 1593 MHz
2023/08/23 08:08:13.067, 3 %, 33, 48, 76.53 W, 76.07 W, 1755 MHz, 1593 MHz
2023/08/23 08:08:13.073, 3 %, 33, 48, 76.53 W, 76.07 W, 1755 MHz, 1593 MHz
2023/08/23 08:08:13.079, 3 %, 33, 48, 76.53 W, 76.07 W, 1755 MHz, 1593 MHz
2023/08/23 08:08:13.085, 3 %, 33, 48, 76.53 W, 76.60 W, 1755 MHz, 1593 MHz
2023/08/23 08:08:13.091, 3 %, 33, 48, 76.58 W, 76.60 W, 1755 MHz, 1593 MHz
2023/08/23 08:08:13.109, 2 %, 33, 48, 76.58 W, 76.60 W, 1755 MHz, 1593 MHz
2023/08/23 08:08:13.117, 2 %, 33, 48, 76.58 W, 76.60 W, 1755 MHz, 1593 MHz
2023/08/23 08:08:13.122, 2 %, 33, 48, 76.58 W, 76.60 W, 1755 MHz, 1593 MHz
2023/08/23 08:08:13.127, 2 %, 33, 48, 76.58 W, 76.60 W, 1755 MHz, 1593 MHz
2023/08/23 08:08:13.134, 2 %, 33, 48, 76.58 W, 76.60 W, 1755 MHz, 1593 MHz
2023/08/23 08:08:13.140, 2 %, 33, 48, 76.58 W, 76.60 W, 1755 MHz, 1593 MHz
2023/08/23 08:08:13.145, 2 %, 33, 48, 76.58 W, 76.60 W, 1755 MHz, 1593 MHz
2023/08/23 08:08:13.150, 2 %, 33, 48, 76.58 W, 76.60 W, 1755 MHz, 1593 MHz
2023/08/23 08:08:13.157, 2 %, 33, 48, 76.58 W, 76.60 W, 1755 MHz, 1593 MHz
2023/08/23 08:08:13.163, 2 %, 33, 48, 76.58 W, 76.60 W, 1755 MHz, 1593 MHz
2023/08/23 08:08:13.168, 2 %, 33, 48, 76.58 W, 76.60 W, 1755 MHz, 1593 MHz
2023/08/23 08:08:13.176, 2 %, 33, 48, 76.58 W, 76.60 W, 1755 MHz, 1593 MHz
2023/08/23 08:08:13.181, 2 %, 33, 48, 76.58 W, 76.60 W, 1755 MHz, 1593 MHz
2023/08/23 08:08:13.187, 2 %, 33, 48, 76.58 W, 76.60 W, 1755 MHz, 1593 MHz
2023/08/23 08:08:13.193, 2 %, 33, 48, 76.58 W, 76.60 W, 1755 MHz, 1593 MHz
2023/08/23 08:08:13.206, 2 %, 33, 48, 76.58 W, 76.60 W, 1755 MHz, 1593 MHz
2023/08/23 08:08:13.211, 2 %, 33, 48, 76.58 W, 76.60 W, 1755 MHz, 1593 MHz
2023/08/23 08:08:13.218, 2 %, 33, 48, 76.58 W, 76.60 W, 1755 MHz, 1593 MHz
2023/08/23 08:08:13.223, 2 %, 33, 48, 76.58 W, 76.60 W, 1755 MHz, 1593 MHz
2023/08/23 08:08:13.228, 2 %, 33, 48, 76.58 W, 76.60 W, 1755 MHz, 1593 MHz
2023/08/23 08:08:13.238, 2 %, 32, 48, 76.58 W, 76.60 W, 1755 MHz, 1593 MHz
2023/08/23 08:08:13.243, 2 %, 33, 48, 76.58 W, 76.60 W, 1755 MHz, 1593 MHz
2023/08/23 08:08:13.249, 2 %, 33, 48, 76.58 W, 76.60 W, 1755 MHz, 1593 MHz
2023/08/23 08:08:13.257, 2 %, 33, 48, 76.58 W, 76.60 W, 1755 MHz, 1593 MHz
2023/08/23 08:08:13.262, 2 %, 33, 48, 76.58 W, 76.60 W, 1755 MHz, 1593 MHz
2023/08/23 08:08:13.268, 2 %, 33, 48, 76.58 W, 76.60 W, 1755 MHz, 1593 MHz
2023/08/23 08:08:13.277, 2 %, 33, 48, 76.58 W, 76.60 W, 1755 MHz, 1593 MHz
2023/08/23 08:08:13.282, 2 %, 33, 48, 76.58 W, 76.60 W, 1755 MHz, 1593 MHz
2023/08/23 08:08:13.287, 2 %, 33, 48, 76.53 W, 76.60 W, 1755 MHz, 1593 MHz
2023/08/23 08:08:13.307, 2 %, 33, 48, 76.53 W, 76.60 W, 1755 MHz, 1593 MHz
2023/08/23 08:08:13.315, 2 %, 33, 48, 76.53 W, 76.60 W, 1755 MHz, 1593 MHz
2023/08/23 08:08:13.321, 2 %, 33, 48, 76.53 W, 76.60 W, 1755 MHz, 1593 MHz
2023/08/23 08:08:13.326, 2 %, 32, 48, 76.53 W, 76.60 W, 1755 MHz, 1593 MHz
2023/08/23 08:08:13.331, 2 %, 33, 48, 76.53 W, 76.60 W, 1755 MHz, 1593 MHz
2023/08/23 08:08:13.339, 2 %, 33, 48, 76.53 W, 76.60 W, 1755 MHz, 1593 MHz
2023/08/23 08:08:13.344, 2 %, 33, 48, 76.53 W, 76.60 W, 1755 MHz, 1593 MHz
2023/08/23 08:08:13.350, 2 %, 33, 48, 76.53 W, 76.60 W, 1755 MHz, 1593 MHz
2023/08/23 08:08:13.357, 2 %, 33, 48, 76.53 W, 76.60 W, 1755 MHz, 1593 MHz
2023/08/23 08:08:13.362, 2 %, 33, 48, 76.53 W, 76.60 W, 1755 MHz, 1593 MHz
2023/08/23 08:08:13.368, 2 %, 33, 48, 76.53 W, 76.60 W, 1755 MHz, 1593 MHz
2023/08/23 08:08:13.377, 2 %, 33, 48, 76.53 W, 76.60 W, 1755 MHz, 1593 MHz
2023/08/23 08:08:13.382, 2 %, 32, 48, 76.53 W, 76.60 W, 1755 MHz, 1593 MHz
2023/08/23 08:08:13.387, 2 %, 33, 48, 76.53 W, 76.56 W, 1755 MHz, 1593 MHz
2023/08/23 08:08:13.405, 2 %, 33, 48, 76.53 W, 76.56 W, 1755 MHz, 1593 MHz
2023/08/23 08:08:13.410, 2 %, 33, 48, 76.53 W, 76.56 W, 1755 MHz, 1593 MHz
2023/08/23 08:08:13.417, 2 %, 33, 48, 76.53 W, 76.56 W, 1755 MHz, 1593 MHz
2023/08/23 08:08:13.422, 2 %, 33, 48, 76.53 W, 76.56 W, 1755 MHz, 1593 MHz
2023/08/23 08:08:13.427, 2 %, 33, 48, 76.53 W, 76.56 W, 1755 MHz, 1593 MHz
2023/08/23 08:08:13.433, 2 %, 33, 48, 76.53 W, 76.56 W, 1755 MHz, 1593 MHz
2023/08/23 08:08:13.439, 2 %, 33, 48, 76.53 W, 76.56 W, 1755 MHz, 1593 MHz
2023/08/23 08:08:13.445, 2 %, 33, 48, 76.53 W, 76.56 W, 1755 MHz, 1593 MHz
2023/08/23 08:08:13.450, 2 %, 33, 48, 76.53 W, 76.56 W, 1755 MHz, 1593 MHz
2023/08/23 08:08:13.457, 2 %, 33, 48, 76.53 W, 76.56 W, 1755 MHz, 1593 MHz
2023/08/23 08:08:13.462, 2 %, 33, 48, 76.53 W, 76.56 W, 1755 MHz, 1593 MHz
2023/08/23 08:08:13.467, 2 %, 33, 48, 76.53 W, 76.56 W, 1755 MHz, 1593 MHz
2023/08/23 08:08:13.473, 2 %, 33, 48, 76.53 W, 76.56 W, 1755 MHz, 1593 MHz
2023/08/23 08:08:13.479, 2 %, 33, 48, 76.53 W, 76.56 W, 1755 MHz, 1593 MHz
2023/08/23 08:08:13.485, 2 %, 33, 48, 76.53 W, 76.56 W, 1755 MHz, 1593 MHz
2023/08/23 08:08:13.493, 2 %, 33, 48, 76.53 W, 76.56 W, 1755 MHz, 1593 MHz
2023/08/23 08:08:13.507, 2 %, 33, 48, 76.53 W, 76.56 W, 1755 MHz, 1593 MHz
2023/08/23 08:08:13.513, 2 %, 33, 48, 76.53 W, 76.56 W, 1755 MHz, 1593 MHz
2023/08/23 08:08:13.519, 2 %, 33, 48, 76.53 W, 76.56 W, 1755 MHz, 1593 MHz
2023/08/23 08:08:13.524, 2 %, 33, 48, 76.53 W, 76.56 W, 1755 MHz, 1593 MHz
2023/08/23 08:08:13.530, 2 %, 32, 48, 76.53 W, 76.56 W, 1755 MHz, 1593 MHz
2023/08/23 08:08:13.537, 2 %, 33, 48, 76.53 W, 76.56 W, 1755 MHz, 1593 MHz
2023/08/23 08:08:13.542, 2 %, 33, 48, 76.53 W, 76.56 W, 1755 MHz, 1593 MHz
2023/08/23 08:08:13.548, 2 %, 33, 48, 76.53 W, 76.56 W, 1755 MHz, 1593 MHz
2023/08/23 08:08:13.556, 2 %, 32, 48, 76.53 W, 76.56 W, 1755 MHz, 1593 MHz
2023/08/23 08:08:13.561, 2 %, 33, 48, 76.53 W, 76.56 W, 1755 MHz, 1593 MHz
2023/08/23 08:08:13.566, 2 %, 33, 48, 76.53 W, 76.56 W, 1755 MHz, 1593 MHz
2023/08/23 08:08:13.572, 2 %, 33, 48, 76.53 W, 76.56 W, 1755 MHz, 1593 MHz
2023/08/23 08:08:13.578, 2 %, 32, 48, 76.53 W, 76.56 W, 1755 MHz, 1593 MHz
2023/08/23 08:08:13.583, 2 %, 33, 48, 76.53 W, 76.56 W, 1755 MHz, 1593 MHz
2023/08/23 08:08:13.588, 2 %, 32, 48, 76.53 W, 76.60 W, 1755 MHz, 1593 MHz
2023/08/23 08:08:13.605, 2 %, 32, 48, 76.53 W, 76.60 W, 1755 MHz, 1593 MHz
2023/08/23 08:08:13.610, 2 %, 33, 48, 76.53 W, 76.60 W, 1755 MHz, 1593 MHz
2023/08/23 08:08:13.617, 2 %, 32, 48, 76.53 W, 76.60 W, 1755 MHz, 1593 MHz
2023/08/23 08:08:13.622, 2 %, 32, 48, 76.53 W, 76.60 W, 1755 MHz, 1593 MHz
2023/08/23 08:08:13.628, 2 %, 33, 48, 76.53 W, 76.60 W, 1755 MHz, 1593 MHz
2023/08/23 08:08:13.633, 2 %, 33, 48, 76.53 W, 76.60 W, 1755 MHz, 1593 MHz
2023/08/23 08:08:13.639, 2 %, 32, 48, 76.53 W, 76.60 W, 1755 MHz, 1593 MHz
2023/08/23 08:08:13.645, 2 %, 33, 48, 76.53 W, 76.60 W, 1755 MHz, 1593 MHz
2023/08/23 08:08:13.650, 2 %, 33, 48, 76.53 W, 76.60 W, 1755 MHz, 1593 MHz
2023/08/23 08:08:13.657, 2 %, 33, 48, 76.53 W, 76.60 W, 1755 MHz, 1593 MHz
2023/08/23 08:08:13.662, 2 %, 33, 48, 76.53 W, 76.60 W, 1755 MHz, 1593 MHz
2023/08/23 08:08:13.668, 2 %, 33, 48, 76.53 W, 76.60 W, 1755 MHz, 1593 MHz
2023/08/23 08:08:13.676, 2 %, 32, 48, 76.53 W, 76.60 W, 1755 MHz, 1593 MHz
2023/08/23 08:08:13.681, 2 %, 32, 48, 76.53 W, 76.60 W, 1755 MHz, 1593 MHz
2023/08/23 08:08:13.687, 2 %, 33, 48, 76.53 W, 76.56 W, 1755 MHz, 1593 MHz
2023/08/23 08:08:13.693, 2 %, 32, 48, 76.53 W, 76.56 W, 1755 MHz, 1593 MHz
2023/08/23 08:08:13.708, 2 %, 32, 48, 76.53 W, 76.56 W, 1755 MHz, 1593 MHz
2023/08/23 08:08:13.716, 2 %, 33, 48, 76.53 W, 76.56 W, 1755 MHz, 1593 MHz
2023/08/23 08:08:13.721, 2 %, 33, 48, 76.53 W, 76.56 W, 1755 MHz, 1593 MHz
2023/08/23 08:08:13.727, 2 %, 33, 48, 76.53 W, 76.56 W, 1755 MHz, 1593 MHz
2023/08/23 08:08:13.735, 2 %, 33, 48, 76.53 W, 76.56 W, 1755 MHz, 1593 MHz
2023/08/23 08:08:13.740, 2 %, 32, 48, 76.53 W, 76.56 W, 1755 MHz, 1593 MHz
2023/08/23 08:08:13.746, 2 %, 33, 48, 76.53 W, 76.56 W, 1755 MHz, 1593 MHz
2023/08/23 08:08:13.751, 2 %, 33, 48, 76.53 W, 76.56 W, 1755 MHz, 1593 MHz
2023/08/23 08:08:13.758, 2 %, 32, 48, 76.53 W, 76.56 W, 1755 MHz, 1593 MHz
2023/08/23 08:08:13.763, 2 %, 32, 48, 76.53 W, 76.56 W, 1755 MHz, 1593 MHz
2023/08/23 08:08:13.768, 2 %, 32, 48, 76.53 W, 76.56 W, 1755 MHz, 1593 MHz
2023/08/23 08:08:13.777, 2 %, 32, 48, 76.53 W, 76.56 W, 1755 MHz, 1593 MHz
2023/08/23 08:08:13.782, 2 %, 32, 48, 76.53 W, 76.56 W, 1755 MHz, 1593 MHz
2023/08/23 08:08:13.788, 2 %, 33, 48, 76.53 W, 76.60 W, 1755 MHz, 1593 MHz
2023/08/23 08:08:13.805, 2 %, 33, 48, 76.53 W, 76.60 W, 1755 MHz, 1593 MHz
2023/08/23 08:08:13.810, 2 %, 33, 48, 76.53 W, 76.60 W, 1755 MHz, 1593 MHz
2023/08/23 08:08:13.817, 2 %, 33, 48, 76.53 W, 76.60 W, 1755 MHz, 1593 MHz
2023/08/23 08:08:13.822, 2 %, 32, 48, 76.53 W, 76.60 W, 1755 MHz, 1593 MHz
2023/08/23 08:08:13.827, 2 %, 33, 48, 76.53 W, 76.60 W, 1755 MHz, 1593 MHz
2023/08/23 08:08:13.833, 2 %, 32, 48, 76.53 W, 76.60 W, 1755 MHz, 1593 MHz
2023/08/23 08:08:13.839, 2 %, 33, 48, 76.53 W, 76.60 W, 1755 MHz, 1593 MHz
2023/08/23 08:08:13.844, 2 %, 32, 48, 76.53 W, 76.60 W, 1755 MHz, 1593 MHz
2023/08/23 08:08:13.850, 2 %, 32, 48, 76.53 W, 76.60 W, 1755 MHz, 1593 MHz
2023/08/23 08:08:13.857, 2 %, 33, 48, 76.53 W, 76.60 W, 1755 MHz, 1593 MHz
2023/08/23 08:08:13.863, 2 %, 32, 48, 76.53 W, 76.60 W, 1755 MHz, 1593 MHz
2023/08/23 08:08:13.868, 2 %, 32, 48, 76.53 W, 76.60 W, 1755 MHz, 1593 MHz
2023/08/23 08:08:13.877, 2 %, 33, 48, 76.53 W, 76.60 W, 1755 MHz, 1593 MHz
2023/08/23 08:08:13.882, 2 %, 32, 48, 76.53 W, 76.60 W, 1755 MHz, 1593 MHz
2023/08/23 08:08:13.887, 2 %, 32, 48, 76.48 W, 76.11 W, 1755 MHz, 1593 MHz
2023/08/23 08:08:13.906, 1 %, 33, 48, 76.48 W, 76.11 W, 1755 MHz, 1593 MHz
2023/08/23 08:08:13.911, 1 %, 32, 48, 76.48 W, 76.11 W, 1755 MHz, 1593 MHz
2023/08/23 08:08:13.918, 1 %, 32, 48, 76.48 W, 76.11 W, 1755 MHz, 1593 MHz
2023/08/23 08:08:13.923, 1 %, 33, 48, 76.48 W, 76.11 W, 1755 MHz, 1593 MHz
2023/08/23 08:08:13.929, 1 %, 32, 48, 76.48 W, 76.11 W, 1755 MHz, 1593 MHz
2023/08/23 08:08:13.937, 1 %, 32, 48, 76.48 W, 76.11 W, 1755 MHz, 1593 MHz
2023/08/23 08:08:13.942, 1 %, 32, 48, 76.48 W, 76.11 W, 1755 MHz, 1593 MHz
2023/08/23 08:08:13.947, 1 %, 33, 48, 76.48 W, 76.11 W, 1755 MHz, 1593 MHz
2023/08/23 08:08:13.956, 1 %, 32, 48, 76.48 W, 76.11 W, 1755 MHz, 1593 MHz
2023/08/23 08:08:13.961, 1 %, 32, 48, 76.48 W, 76.11 W, 1755 MHz, 1593 MHz
2023/08/23 08:08:13.966, 1 %, 33, 48, 76.48 W, 76.11 W, 1755 MHz, 1593 MHz
2023/08/23 08:08:13.972, 1 %, 32, 48, 76.48 W, 76.11 W, 1755 MHz, 1593 MHz
2023/08/23 08:08:13.978, 1 %, 32, 48, 76.48 W, 76.11 W, 1755 MHz, 1593 MHz
2023/08/23 08:08:13.983, 1 %, 32, 48, 76.48 W, 76.11 W, 1755 MHz, 1593 MHz
2023/08/23 08:08:13.989, 1 %, 32, 48, 76.53 W, 76.60 W, 1755 MHz, 1593 MHz
2023/08/23 08:08:14.005, 1 %, 32, 48, 76.53 W, 76.60 W, 1755 MHz, 1593 MHz
2023/08/23 08:08:14.010, 1 %, 33, 48, 76.53 W, 76.60 W, 1755 MHz, 1593 MHz
2023/08/23 08:08:14.017, 1 %, 32, 48, 76.53 W, 76.60 W, 1755 MHz, 1593 MHz
2023/08/23 08:08:14.022, 1 %, 32, 48, 76.53 W, 76.60 W, 1755 MHz, 1593 MHz
2023/08/23 08:08:14.027, 1 %, 33, 48, 76.53 W, 76.60 W, 1755 MHz, 1593 MHz
2023/08/23 08:08:14.033, 1 %, 32, 48, 76.53 W, 76.60 W, 1755 MHz, 1593 MHz
2023/08/23 08:08:14.039, 1 %, 33, 48, 76.53 W, 76.60 W, 1755 MHz, 1593 MHz
2023/08/23 08:08:14.044, 1 %, 33, 48, 76.53 W, 76.60 W, 1755 MHz, 1593 MHz
2023/08/23 08:08:14.049, 1 %, 32, 48, 76.53 W, 76.60 W, 1755 MHz, 1593 MHz
2023/08/23 08:08:14.058, 1 %, 33, 48, 76.53 W, 76.60 W, 1755 MHz, 1593 MHz
2023/08/23 08:08:14.064, 1 %, 33, 48, 76.53 W, 76.60 W, 1755 MHz, 1593 MHz
2023/08/23 08:08:14.069, 1 %, 32, 48, 76.53 W, 76.60 W, 1755 MHz, 1593 MHz
2023/08/23 08:08:14.077, 1 %, 33, 48, 76.53 W, 76.60 W, 1755 MHz, 1593 MHz
2023/08/23 08:08:14.082, 1 %, 33, 48, 76.53 W, 76.60 W, 1755 MHz, 1593 MHz
2023/08/23 08:08:14.088, 1 %, 33, 48, 76.50 W, 76.21 W, 1755 MHz, 1593 MHz
2023/08/23 08:08:14.108, 1 %, 32, 48, 76.50 W, 76.21 W, 1755 MHz, 1593 MHz
2023/08/23 08:08:14.116, 1 %, 32, 48, 76.50 W, 76.21 W, 1755 MHz, 1593 MHz
2023/08/23 08:08:14.122, 1 %, 32, 48, 76.50 W, 76.21 W, 1755 MHz, 1593 MHz
2023/08/23 08:08:14.127, 1 %, 32, 48, 76.50 W, 76.21 W, 1755 MHz, 1593 MHz
2023/08/23 08:08:14.133, 1 %, 33, 48, 76.50 W, 76.21 W, 1755 MHz, 1593 MHz
2023/08/23 08:08:14.139, 1 %, 32, 48, 76.50 W, 76.21 W, 1755 MHz, 1593 MHz
2023/08/23 08:08:14.145, 1 %, 33, 48, 76.50 W, 76.21 W, 1755 MHz, 1593 MHz
2023/08/23 08:08:14.150, 1 %, 32, 48, 76.50 W, 76.21 W, 1755 MHz, 1593 MHz
2023/08/23 08:08:14.158, 1 %, 33, 48, 76.50 W, 76.21 W, 1755 MHz, 1593 MHz
2023/08/23 08:08:14.163, 1 %, 32, 48, 76.50 W, 76.21 W, 1755 MHz, 1593 MHz
2023/08/23 08:08:14.168, 1 %, 32, 48, 76.50 W, 76.21 W, 1755 MHz, 1593 MHz
2023/08/23 08:08:14.177, 1 %, 32, 48, 76.50 W, 76.21 W, 1755 MHz, 1593 MHz
2023/08/23 08:08:14.182, 1 %, 33, 48, 76.50 W, 76.21 W, 1755 MHz, 1593 MHz
2023/08/23 08:08:14.188, 1 %, 33, 48, 76.50 W, 76.60 W, 1755 MHz, 1593 MHz
2023/08/23 08:08:14.205, 1 %, 32, 48, 76.50 W, 76.60 W, 1755 MHz, 1593 MHz
2023/08/23 08:08:14.210, 1 %, 32, 48, 76.50 W, 76.60 W, 1755 MHz, 1593 MHz
2023/08/23 08:08:14.217, 1 %, 32, 48, 76.50 W, 76.60 W, 1755 MHz, 1593 MHz
2023/08/23 08:08:14.222, 1 %, 33, 48, 76.50 W, 76.60 W, 1755 MHz, 1593 MHz
2023/08/23 08:08:14.227, 1 %, 32, 48, 76.50 W, 76.60 W, 1755 MHz, 1593 MHz
2023/08/23 08:08:14.233, 1 %, 33, 48, 76.50 W, 76.60 W, 1755 MHz, 1593 MHz
2023/08/23 08:08:14.239, 1 %, 32, 48, 76.50 W, 76.60 W, 1755 MHz, 1593 MHz
2023/08/23 08:08:14.244, 1 %, 33, 48, 76.50 W, 76.60 W, 1755 MHz, 1593 MHz
2023/08/23 08:08:14.250, 1 %, 32, 48, 76.50 W, 76.60 W, 1755 MHz, 1593 MHz
2023/08/23 08:08:14.257, 1 %, 32, 48, 76.50 W, 76.60 W, 1755 MHz, 1593 MHz
2023/08/23 08:08:14.262, 1 %, 32, 48, 76.50 W, 76.60 W, 1755 MHz, 1593 MHz
2023/08/23 08:08:14.267, 1 %, 32, 48, 76.50 W, 76.60 W, 1755 MHz, 1593 MHz
2023/08/23 08:08:14.273, 1 %, 32, 48, 76.50 W, 76.60 W, 1755 MHz, 1593 MHz
2023/08/23 08:08:14.279, 1 %, 32, 48, 76.50 W, 76.60 W, 1755 MHz, 1593 MHz
2023/08/23 08:08:14.284, 1 %, 32, 48, 76.50 W, 76.07 W, 1755 MHz, 1593 MHz
2023/08/23 08:08:14.291, 1 %, 32, 48, 76.55 W, 76.07 W, 1755 MHz, 1593 MHz
2023/08/23 08:08:14.307, 2 %, 33, 48, 76.55 W, 76.07 W, 1755 MHz, 1593 MHz
2023/08/23 08:08:14.313, 2 %, 32, 48, 76.55 W, 76.07 W, 1755 MHz, 1593 MHz
2023/08/23 08:08:14.319, 2 %, 32, 48, 76.55 W, 76.07 W, 1755 MHz, 1593 MHz
2023/08/23 08:08:14.324, 2 %, 32, 48, 76.55 W, 76.07 W, 1755 MHz, 1593 MHz
2023/08/23 08:08:14.330, 2 %, 32, 48, 76.55 W, 76.07 W, 1755 MHz, 1593 MHz
2023/08/23 08:08:14.337, 2 %, 32, 48, 76.55 W, 76.07 W, 1755 MHz, 1593 MHz
2023/08/23 08:08:14.343, 2 %, 33, 48, 76.55 W, 76.07 W, 1755 MHz, 1593 MHz
2023/08/23 08:08:14.348, 2 %, 32, 48, 76.55 W, 76.07 W, 1755 MHz, 1593 MHz
2023/08/23 08:08:14.357, 2 %, 33, 48, 76.55 W, 76.07 W, 1755 MHz, 1593 MHz
2023/08/23 08:08:14.363, 2 %, 33, 48, 76.55 W, 76.07 W, 1755 MHz, 1593 MHz
2023/08/23 08:08:14.368, 2 %, 32, 48, 76.55 W, 76.07 W, 1755 MHz, 1593 MHz
2023/08/23 08:08:14.376, 2 %, 32, 48, 76.55 W, 76.07 W, 1755 MHz, 1593 MHz
2023/08/23 08:08:14.382, 2 %, 33, 48, 76.55 W, 76.07 W, 1755 MHz, 1593 MHz
2023/08/23 08:08:14.386, 2 %, 32, 48, 76.55 W, 76.60 W, 1755 MHz, 1593 MHz
2023/08/23 08:08:14.393, 2 %, 32, 48, 76.56 W, 76.60 W, 1755 MHz, 1593 MHz
2023/08/23 08:08:14.406, 2 %, 32, 48, 76.56 W, 76.60 W, 1755 MHz, 1593 MHz
2023/08/23 08:08:14.412, 2 %, 32, 48, 76.56 W, 76.60 W, 1755 MHz, 1593 MHz
2023/08/23 08:08:14.418, 2 %, 32, 48, 76.56 W, 76.60 W, 1755 MHz, 1593 MHz
2023/08/23 08:08:14.423, 2 %, 33, 48, 76.56 W, 76.60 W, 1755 MHz, 1593 MHz
2023/08/23 08:08:14.428, 2 %, 32, 48, 76.56 W, 76.60 W, 1755 MHz, 1593 MHz
2023/08/23 08:08:14.437, 2 %, 32, 48, 76.56 W, 76.60 W, 1755 MHz, 1593 MHz
2023/08/23 08:08:14.442, 2 %, 32, 48, 76.56 W, 76.60 W, 1755 MHz, 1593 MHz
2023/08/23 08:08:14.448, 2 %, 32, 48, 76.56 W, 76.60 W, 1755 MHz, 1593 MHz
2023/08/23 08:08:14.456, 2 %, 32, 48, 76.56 W, 76.60 W, 1755 MHz, 1593 MHz
2023/08/23 08:08:14.462, 2 %, 32, 48, 76.56 W, 76.60 W, 1755 MHz, 1593 MHz
2023/08/23 08:08:14.467, 2 %, 32, 48, 76.56 W, 76.60 W, 1755 MHz, 1593 MHz
2023/08/23 08:08:14.473, 2 %, 33, 48, 76.56 W, 76.60 W, 1755 MHz, 1593 MHz
2023/08/23 08:08:14.478, 2 %, 33, 48, 76.56 W, 76.60 W, 1755 MHz, 1593 MHz
2023/08/23 08:08:14.484, 2 %, 32, 48, 76.56 W, 76.60 W, 1755 MHz, 1593 MHz
2023/08/23 08:08:14.489, 2 %, 33, 48, 76.61 W, 77.04 W, 1755 MHz, 1593 MHz
2023/08/23 08:08:14.506, 2 %, 33, 48, 76.61 W, 77.04 W, 1755 MHz, 1593 MHz
2023/08/23 08:08:14.512, 2 %, 32, 48, 76.61 W, 77.04 W, 1755 MHz, 1593 MHz
2023/08/23 08:08:14.518, 2 %, 32, 48, 76.61 W, 77.04 W, 1755 MHz, 1593 MHz
2023/08/23 08:08:14.523, 2 %, 33, 48, 76.61 W, 77.04 W, 1755 MHz, 1593 MHz
2023/08/23 08:08:14.529, 2 %, 32, 48, 76.61 W, 77.04 W, 1755 MHz, 1593 MHz
2023/08/23 08:08:14.537, 2 %, 32, 48, 76.61 W, 77.04 W, 1755 MHz, 1593 MHz
2023/08/23 08:08:14.542, 2 %, 32, 48, 76.61 W, 77.04 W, 1755 MHz, 1593 MHz
2023/08/23 08:08:14.548, 2 %, 33, 48, 76.61 W, 77.04 W, 1755 MHz, 1593 MHz
2023/08/23 08:08:14.557, 2 %, 32, 48, 76.61 W, 77.04 W, 1755 MHz, 1593 MHz
2023/08/23 08:08:14.562, 2 %, 32, 48, 76.61 W, 77.04 W, 1755 MHz, 1593 MHz
2023/08/23 08:08:14.568, 2 %, 32, 48, 76.61 W, 77.04 W, 1755 MHz, 1593 MHz
2023/08/23 08:08:14.576, 2 %, 32, 48, 76.61 W, 77.04 W, 1755 MHz, 1593 MHz
2023/08/23 08:08:14.582, 2 %, 32, 48, 76.61 W, 77.04 W, 1755 MHz, 1593 MHz
2023/08/23 08:08:14.587, 2 %, 33, 48, 76.61 W, 76.55 W, 1755 MHz, 1593 MHz
2023/08/23 08:08:14.593, 2 %, 32, 48, 76.60 W, 76.55 W, 1755 MHz, 1593 MHz
2023/08/23 08:08:14.606, 2 %, 33, 48, 76.60 W, 76.55 W, 1755 MHz, 1593 MHz
2023/08/23 08:08:14.611, 2 %, 32, 48, 76.60 W, 76.55 W, 1755 MHz, 1593 MHz
2023/08/23 08:08:14.618, 2 %, 33, 48, 76.60 W, 76.55 W, 1755 MHz, 1593 MHz
2023/08/23 08:08:14.623, 2 %, 32, 48, 76.60 W, 76.55 W, 1755 MHz, 1593 MHz
2023/08/23 08:08:14.628, 2 %, 33, 48, 76.60 W, 76.55 W, 1755 MHz, 1593 MHz
2023/08/23 08:08:14.636, 2 %, 32, 48, 76.60 W, 76.55 W, 1755 MHz, 1593 MHz
2023/08/23 08:08:14.642, 2 %, 33, 48, 76.60 W, 76.55 W, 1755 MHz, 1593 MHz
2023/08/23 08:08:14.647, 2 %, 32, 48, 76.60 W, 76.55 W, 1755 MHz, 1593 MHz
2023/08/23 08:08:14.652, 2 %, 33, 48, 76.60 W, 76.55 W, 1755 MHz, 1593 MHz
2023/08/23 08:08:14.658, 2 %, 32, 48, 76.60 W, 76.55 W, 1755 MHz, 1593 MHz
2023/08/23 08:08:14.663, 2 %, 33, 48, 76.60 W, 76.55 W, 1755 MHz, 1593 MHz
2023/08/23 08:08:14.669, 2 %, 32, 48, 76.60 W, 76.55 W, 1755 MHz, 1593 MHz
2023/08/23 08:08:14.676, 2 %, 33, 48, 76.60 W, 76.55 W, 1755 MHz, 1593 MHz
2023/08/23 08:08:14.681, 2 %, 32, 48, 76.60 W, 76.55 W, 1755 MHz, 1593 MHz
2023/08/23 08:08:14.687, 2 %, 32, 48, 76.60 W, 76.55 W, 1755 MHz, 1593 MHz
2023/08/23 08:08:14.693, 1 %, 32, 48, 76.60 W, 76.55 W, 1755 MHz, 1593 MHz
2023/08/23 08:08:14.709, 1 %, 33, 48, 76.60 W, 76.55 W, 1755 MHz, 1593 MHz
2023/08/23 08:08:14.717, 1 %, 32, 48, 76.60 W, 76.55 W, 1755 MHz, 1593 MHz
2023/08/23 08:08:14.722, 1 %, 32, 48, 76.60 W, 76.55 W, 1755 MHz, 1593 MHz
2023/08/23 08:08:14.727, 1 %, 32, 48, 76.60 W, 76.55 W, 1755 MHz, 1593 MHz
2023/08/23 08:08:14.732, 1 %, 32, 48, 76.60 W, 76.55 W, 1755 MHz, 1593 MHz
2023/08/23 08:08:14.739, 1 %, 32, 48, 76.60 W, 76.55 W, 1755 MHz, 1593 MHz
2023/08/23 08:08:14.744, 1 %, 32, 48, 76.60 W, 76.55 W, 1755 MHz, 1593 MHz
2023/08/23 08:08:14.749, 1 %, 32, 48, 76.60 W, 76.55 W, 1755 MHz, 1593 MHz
2023/08/23 08:08:14.757, 1 %, 33, 48, 76.60 W, 76.55 W, 1755 MHz, 1593 MHz
2023/08/23 08:08:14.763, 1 %, 32, 48, 76.60 W, 76.55 W, 1755 MHz, 1593 MHz
2023/08/23 08:08:14.768, 1 %, 32, 48, 76.60 W, 76.55 W, 1755 MHz, 1593 MHz
2023/08/23 08:08:14.776, 1 %, 32, 48, 76.60 W, 76.55 W, 1755 MHz, 1593 MHz
2023/08/23 08:08:14.781, 1 %, 32, 48, 76.60 W, 76.55 W, 1755 MHz, 1593 MHz
2023/08/23 08:08:14.787, 1 %, 32, 48, 76.55 W, 76.11 W, 1755 MHz, 1593 MHz
2023/08/23 08:08:14.793, 1 %, 32, 48, 76.55 W, 76.11 W, 1755 MHz, 1593 MHz
2023/08/23 08:08:14.806, 1 %, 33, 48, 76.55 W, 76.11 W, 1755 MHz, 1593 MHz
2023/08/23 08:08:14.812, 1 %, 33, 48, 76.55 W, 76.11 W, 1755 MHz, 1593 MHz
2023/08/23 08:08:14.818, 1 %, 32, 48, 76.55 W, 76.11 W, 1755 MHz, 1593 MHz
2023/08/23 08:08:14.823, 1 %, 32, 48, 76.55 W, 76.11 W, 1755 MHz, 1593 MHz
2023/08/23 08:08:14.828, 1 %, 33, 48, 76.55 W, 76.11 W, 1755 MHz, 1593 MHz
2023/08/23 08:08:14.836, 1 %, 32, 48, 76.55 W, 76.11 W, 1755 MHz, 1593 MHz
2023/08/23 08:08:14.842, 1 %, 32, 48, 76.55 W, 76.11 W, 1755 MHz, 1593 MHz
2023/08/23 08:08:14.847, 1 %, 32, 48, 76.55 W, 76.11 W, 1755 MHz, 1593 MHz
2023/08/23 08:08:14.855, 1 %, 32, 48, 76.55 W, 76.11 W, 1755 MHz, 1593 MHz
2023/08/23 08:08:14.860, 1 %, 33, 48, 76.55 W, 76.11 W, 1755 MHz, 1593 MHz
2023/08/23 08:08:14.866, 1 %, 32, 48, 76.55 W, 76.11 W, 1755 MHz, 1593 MHz
2023/08/23 08:08:14.871, 1 %, 32, 48, 76.55 W, 76.11 W, 1755 MHz, 1593 MHz
2023/08/23 08:08:14.878, 1 %, 33, 48, 76.55 W, 76.11 W, 1755 MHz, 1593 MHz
2023/08/23 08:08:14.883, 1 %, 32, 48, 76.55 W, 76.11 W, 1755 MHz, 1593 MHz
2023/08/23 08:08:14.888, 1 %, 32, 48, 76.55 W, 76.07 W, 1755 MHz, 1593 MHz
2023/08/23 08:08:14.905, 0 %, 32, 48, 76.55 W, 76.07 W, 1755 MHz, 1593 MHz
2023/08/23 08:08:14.910, 0 %, 32, 48, 76.55 W, 76.07 W, 1755 MHz, 1593 MHz
2023/08/23 08:08:14.917, 0 %, 32, 48, 76.55 W, 76.07 W, 1755 MHz, 1593 MHz
2023/08/23 08:08:14.923, 0 %, 32, 48, 76.55 W, 76.07 W, 1755 MHz, 1593 MHz
2023/08/23 08:08:14.928, 0 %, 32, 48, 76.55 W, 76.07 W, 1755 MHz, 1593 MHz
2023/08/23 08:08:14.936, 0 %, 32, 48, 76.55 W, 76.07 W, 1755 MHz, 1593 MHz
2023/08/23 08:08:14.942, 0 %, 32, 48, 76.55 W, 76.07 W, 1755 MHz, 1593 MHz
2023/08/23 08:08:14.947, 0 %, 32, 48, 76.55 W, 76.07 W, 1755 MHz, 1593 MHz
2023/08/23 08:08:14.953, 0 %, 32, 48, 76.55 W, 76.07 W, 1755 MHz, 1593 MHz
2023/08/23 08:08:14.959, 0 %, 33, 48, 76.55 W, 76.07 W, 1755 MHz, 1593 MHz
2023/08/23 08:08:14.965, 0 %, 32, 48, 76.55 W, 76.07 W, 1755 MHz, 1593 MHz
2023/08/23 08:08:14.970, 0 %, 32, 48, 76.55 W, 76.07 W, 1755 MHz, 1593 MHz
2023/08/23 08:08:14.978, 0 %, 32, 48, 76.55 W, 76.07 W, 1755 MHz, 1593 MHz
2023/08/23 08:08:14.983, 0 %, 33, 48, 76.55 W, 76.07 W, 1755 MHz, 1593 MHz
2023/08/23 08:08:14.988, 0 %, 32, 48, 76.52 W, 76.12 W, 1755 MHz, 1593 MHz
2023/08/23 08:08:15.005, 0 %, 32, 48, 76.52 W, 76.12 W, 1755 MHz, 1593 MHz
2023/08/23 08:08:15.010, 0 %, 32, 48, 76.52 W, 76.12 W, 1755 MHz, 1593 MHz
2023/08/23 08:08:15.017, 0 %, 33, 48, 76.52 W, 76.12 W, 1755 MHz, 1593 MHz
2023/08/23 08:08:15.023, 0 %, 32, 48, 76.52 W, 76.12 W, 1755 MHz, 1593 MHz
2023/08/23 08:08:15.028, 0 %, 32, 48, 76.52 W, 76.12 W, 1755 MHz, 1593 MHz
2023/08/23 08:08:15.036, 0 %, 33, 48, 76.52 W, 76.12 W, 1755 MHz, 1593 MHz
2023/08/23 08:08:15.042, 0 %, 32, 48, 76.52 W, 76.12 W, 1755 MHz, 1593 MHz
2023/08/23 08:08:15.047, 0 %, 32, 48, 76.52 W, 76.12 W, 1755 MHz, 1593 MHz
2023/08/23 08:08:15.053, 0 %, 33, 48, 76.52 W, 76.12 W, 1755 MHz, 1593 MHz
2023/08/23 08:08:15.059, 0 %, 33, 48, 76.52 W, 76.12 W, 1755 MHz, 1593 MHz
2023/08/23 08:08:15.064, 0 %, 33, 48, 76.52 W, 76.12 W, 1755 MHz, 1593 MHz
2023/08/23 08:08:15.069, 0 %, 32, 48, 76.52 W, 76.12 W, 1755 MHz, 1593 MHz
2023/08/23 08:08:15.077, 0 %, 32, 48, 76.52 W, 76.12 W, 1755 MHz, 1593 MHz
2023/08/23 08:08:15.082, 0 %, 32, 48, 76.52 W, 76.12 W, 1755 MHz, 1593 MHz
2023/08/23 08:08:15.088, 0 %, 32, 48, 76.50 W, 76.11 W, 1755 MHz, 1593 MHz
2023/08/23 08:08:15.109, 0 %, 33, 48, 76.50 W, 76.11 W, 1755 MHz, 1593 MHz
2023/08/23 08:08:15.117, 0 %, 32, 48, 76.50 W, 76.11 W, 1755 MHz, 1593 MHz
2023/08/23 08:08:15.122, 0 %, 32, 48, 76.50 W, 76.11 W, 1755 MHz, 1593 MHz
2023/08/23 08:08:15.127, 0 %, 33, 48, 76.50 W, 76.11 W, 1755 MHz, 1593 MHz
2023/08/23 08:08:15.133, 0 %, 32, 48, 76.50 W, 76.11 W, 1755 MHz, 1593 MHz
2023/08/23 08:08:15.139, 0 %, 32, 48, 76.50 W, 76.11 W, 1755 MHz, 1593 MHz
2023/08/23 08:08:15.145, 0 %, 32, 48, 76.50 W, 76.11 W, 1755 MHz, 1593 MHz
2023/08/23 08:08:15.150, 0 %, 32, 48, 76.50 W, 76.11 W, 1755 MHz, 1593 MHz
2023/08/23 08:08:15.157, 0 %, 33, 48, 76.50 W, 76.11 W, 1755 MHz, 1593 MHz
2023/08/23 08:08:15.163, 0 %, 33, 48, 76.50 W, 76.11 W, 1755 MHz, 1593 MHz
2023/08/23 08:08:15.168, 0 %, 33, 48, 76.50 W, 76.11 W, 1755 MHz, 1593 MHz
2023/08/23 08:08:15.177, 0 %, 32, 48, 76.50 W, 76.11 W, 1755 MHz, 1593 MHz
2023/08/23 08:08:15.182, 0 %, 33, 48, 76.50 W, 76.11 W, 1755 MHz, 1593 MHz
2023/08/23 08:08:15.188, 0 %, 33, 48, 76.50 W, 76.60 W, 1755 MHz, 1593 MHz
2023/08/23 08:08:15.194, 0 %, 32, 48, 76.50 W, 76.60 W, 1755 MHz, 1593 MHz
2023/08/23 08:08:15.207, 0 %, 32, 48, 76.50 W, 76.60 W, 1755 MHz, 1593 MHz
2023/08/23 08:08:15.213, 0 %, 32, 48, 76.50 W, 76.60 W, 1755 MHz, 1593 MHz
2023/08/23 08:08:15.219, 0 %, 33, 48, 76.50 W, 76.60 W, 1755 MHz, 1593 MHz
2023/08/23 08:08:15.224, 0 %, 33, 48, 76.50 W, 76.60 W, 1755 MHz, 1593 MHz
2023/08/23 08:08:15.230, 0 %, 32, 48, 76.50 W, 76.60 W, 1755 MHz, 1593 MHz
2023/08/23 08:08:15.237, 0 %, 33, 48, 76.50 W, 76.60 W, 1755 MHz, 1593 MHz
2023/08/23 08:08:15.242, 0 %, 32, 48, 76.50 W, 76.60 W, 1755 MHz, 1593 MHz
2023/08/23 08:08:15.248, 0 %, 32, 48, 76.50 W, 76.60 W, 1755 MHz, 1593 MHz
2023/08/23 08:08:15.256, 0 %, 32, 48, 76.50 W, 76.60 W, 1755 MHz, 1593 MHz
2023/08/23 08:08:15.261, 0 %, 32, 48, 76.50 W, 76.60 W, 1755 MHz, 1593 MHz
2023/08/23 08:08:15.266, 0 %, 32, 48, 76.50 W, 76.60 W, 1755 MHz, 1593 MHz
2023/08/23 08:08:15.274, 0 %, 32, 48, 76.50 W, 76.60 W, 1755 MHz, 1593 MHz
2023/08/23 08:08:15.279, 0 %, 33, 48, 76.50 W, 76.60 W, 1755 MHz, 1593 MHz
2023/08/23 08:08:15.285, 0 %, 32, 48, 76.50 W, 76.07 W, 1755 MHz, 1593 MHz
2023/08/23 08:08:15.291, 0 %, 33, 48, 76.44 W, 76.07 W, 1755 MHz, 1593 MHz
2023/08/23 08:08:15.307, 0 %, 33, 48, 76.44 W, 76.07 W, 1755 MHz, 1593 MHz
2023/08/23 08:08:15.312, 0 %, 33, 48, 76.44 W, 76.07 W, 1755 MHz, 1593 MHz
2023/08/23 08:08:15.318, 0 %, 33, 48, 76.44 W, 76.07 W, 1755 MHz, 1593 MHz
2023/08/23 08:08:15.324, 0 %, 33, 48, 76.44 W, 76.07 W, 1755 MHz, 1593 MHz
2023/08/23 08:08:15.329, 0 %, 33, 48, 76.44 W, 76.07 W, 1755 MHz, 1593 MHz
2023/08/23 08:08:15.337, 0 %, 32, 48, 76.44 W, 76.07 W, 1755 MHz, 1593 MHz
2023/08/23 08:08:15.342, 0 %, 33, 48, 76.44 W, 76.07 W, 1755 MHz, 1593 MHz
2023/08/23 08:08:15.347, 0 %, 32, 48, 76.44 W, 76.07 W, 1755 MHz, 1593 MHz
2023/08/23 08:08:15.353, 0 %, 33, 48, 76.44 W, 76.07 W, 1755 MHz, 1593 MHz
2023/08/23 08:08:15.359, 0 %, 32, 48, 76.44 W, 76.07 W, 1755 MHz, 1593 MHz
2023/08/23 08:08:15.365, 0 %, 32, 48, 76.44 W, 76.07 W, 1755 MHz, 1593 MHz
2023/08/23 08:08:15.370, 0 %, 32, 48, 76.44 W, 76.07 W, 1755 MHz, 1593 MHz
2023/08/23 08:08:15.377, 0 %, 33, 48, 76.44 W, 76.07 W, 1755 MHz, 1593 MHz
2023/08/23 08:08:15.383, 0 %, 33, 48, 76.44 W, 76.07 W, 1755 MHz, 1593 MHz
2023/08/23 08:08:15.388, 0 %, 32, 48, 76.39 W, 76.07 W, 1755 MHz, 1593 MHz
2023/08/23 08:08:15.405, 0 %, 33, 48, 76.39 W, 76.07 W, 1755 MHz, 1593 MHz
2023/08/23 08:08:15.410, 0 %, 33, 48, 76.39 W, 76.07 W, 1755 MHz, 1593 MHz
2023/08/23 08:08:15.417, 0 %, 32, 48, 76.39 W, 76.07 W, 1755 MHz, 1593 MHz
2023/08/23 08:08:15.423, 0 %, 33, 48, 76.39 W, 76.07 W, 1755 MHz, 1593 MHz
2023/08/23 08:08:15.428, 0 %, 33, 48, 76.39 W, 76.07 W, 1755 MHz, 1593 MHz
2023/08/23 08:08:15.436, 0 %, 33, 48, 76.39 W, 76.07 W, 1755 MHz, 1593 MHz
2023/08/23 08:08:15.441, 0 %, 33, 48, 76.39 W, 76.07 W, 1755 MHz, 1593 MHz
2023/08/23 08:08:15.447, 0 %, 33, 48, 76.39 W, 76.07 W, 1755 MHz, 1593 MHz
2023/08/23 08:08:15.452, 0 %, 32, 48, 76.39 W, 76.07 W, 1755 MHz, 1593 MHz
2023/08/23 08:08:15.458, 0 %, 33, 48, 76.39 W, 76.07 W, 1755 MHz, 1593 MHz
2023/08/23 08:08:15.463, 0 %, 32, 48, 76.39 W, 76.07 W, 1755 MHz, 1593 MHz
2023/08/23 08:08:15.469, 0 %, 32, 48, 76.39 W, 76.07 W, 1755 MHz, 1593 MHz
2023/08/23 08:08:15.477, 0 %, 33, 48, 76.39 W, 76.07 W, 1755 MHz, 1593 MHz
2023/08/23 08:08:15.482, 0 %, 33, 48, 76.39 W, 76.07 W, 1755 MHz, 1593 MHz
2023/08/23 08:08:15.488, 0 %, 32, 48, 76.36 W, 76.11 W, 1755 MHz, 1593 MHz
2023/08/23 08:08:15.505, 0 %, 33, 48, 76.36 W, 76.11 W, 1755 MHz, 1593 MHz
2023/08/23 08:08:15.510, 0 %, 33, 48, 76.36 W, 76.11 W, 1755 MHz, 1593 MHz
2023/08/23 08:08:15.517, 0 %, 33, 48, 76.36 W, 76.11 W, 1755 MHz, 1593 MHz
2023/08/23 08:08:15.523, 0 %, 33, 48, 76.36 W, 76.11 W, 1755 MHz, 1593 MHz
2023/08/23 08:08:15.528, 0 %, 33, 48, 76.36 W, 76.11 W, 1755 MHz, 1593 MHz
2023/08/23 08:08:15.536, 0 %, 33, 48, 76.36 W, 76.11 W, 1755 MHz, 1593 MHz
2023/08/23 08:08:15.542, 0 %, 33, 48, 76.36 W, 76.11 W, 1755 MHz, 1593 MHz
2023/08/23 08:08:15.547, 0 %, 33, 48, 76.36 W, 76.11 W, 1755 MHz, 1593 MHz
2023/08/23 08:08:15.556, 0 %, 33, 48, 76.36 W, 76.11 W, 1755 MHz, 1593 MHz
2023/08/23 08:08:15.561, 0 %, 33, 48, 76.36 W, 76.11 W, 1755 MHz, 1593 MHz
2023/08/23 08:08:15.566, 0 %, 33, 48, 76.36 W, 76.11 W, 1755 MHz, 1593 MHz
2023/08/23 08:08:15.572, 0 %, 32, 48, 76.36 W, 76.11 W, 1755 MHz, 1593 MHz
2023/08/23 08:08:15.578, 0 %, 33, 48, 76.36 W, 76.11 W, 1755 MHz, 1593 MHz
2023/08/23 08:08:15.583, 0 %, 33, 48, 76.36 W, 76.11 W, 1755 MHz, 1593 MHz
2023/08/23 08:08:15.589, 0 %, 33, 48, 76.25 W, 76.07 W, 1755 MHz, 1593 MHz
2023/08/23 08:08:15.604, 0 %, 33, 48, 76.25 W, 76.07 W, 1755 MHz, 1593 MHz
2023/08/23 08:08:15.609, 0 %, 33, 48, 76.25 W, 76.07 W, 1755 MHz, 1593 MHz
2023/08/23 08:08:15.617, 0 %, 32, 48, 76.25 W, 76.07 W, 1755 MHz, 1593 MHz
2023/08/23 08:08:15.622, 0 %, 33, 48, 76.25 W, 76.07 W, 1755 MHz, 1593 MHz
2023/08/23 08:08:15.627, 0 %, 33, 48, 76.25 W, 76.07 W, 1755 MHz, 1593 MHz
2023/08/23 08:08:15.633, 0 %, 33, 48, 76.25 W, 76.07 W, 1755 MHz, 1593 MHz
2023/08/23 08:08:15.639, 0 %, 33, 48, 76.25 W, 76.07 W, 1755 MHz, 1593 MHz
2023/08/23 08:08:15.644, 0 %, 33, 48, 76.25 W, 76.07 W, 1755 MHz, 1593 MHz
2023/08/23 08:08:15.650, 0 %, 33, 48, 76.25 W, 76.07 W, 1755 MHz, 1593 MHz
2023/08/23 08:08:15.657, 0 %, 33, 48, 76.25 W, 76.07 W, 1755 MHz, 1593 MHz
2023/08/23 08:08:15.663, 0 %, 33, 48, 76.25 W, 76.07 W, 1755 MHz, 1593 MHz
2023/08/23 08:08:15.667, 0 %, 32, 48, 76.25 W, 76.07 W, 1755 MHz, 1593 MHz
2023/08/23 08:08:15.673, 0 %, 33, 48, 76.25 W, 76.07 W, 1755 MHz, 1593 MHz
2023/08/23 08:08:15.679, 0 %, 33, 48, 76.25 W, 76.07 W, 1755 MHz, 1593 MHz
2023/08/23 08:08:15.685, 0 %, 33, 48, 76.25 W, 76.60 W, 1755 MHz, 1593 MHz
2023/08/23 08:08:15.691, 0 %, 33, 48, 76.25 W, 76.60 W, 1755 MHz, 1593 MHz
2023/08/23 08:08:15.707, 0 %, 33, 48, 76.25 W, 76.60 W, 1755 MHz, 1593 MHz
2023/08/23 08:08:15.712, 0 %, 33, 48, 76.25 W, 76.60 W, 1755 MHz, 1593 MHz
2023/08/23 08:08:15.718, 0 %, 33, 48, 76.25 W, 76.60 W, 1755 MHz, 1593 MHz
2023/08/23 08:08:15.724, 0 %, 33, 48, 76.25 W, 76.60 W, 1755 MHz, 1593 MHz
2023/08/23 08:08:15.729, 0 %, 33, 48, 76.25 W, 76.60 W, 1755 MHz, 1593 MHz
2023/08/23 08:08:15.737, 0 %, 33, 48, 76.25 W, 76.60 W, 1755 MHz, 1593 MHz
2023/08/23 08:08:15.742, 0 %, 33, 48, 76.25 W, 76.60 W, 1755 MHz, 1593 MHz
2023/08/23 08:08:15.748, 0 %, 33, 48, 76.25 W, 76.60 W, 1755 MHz, 1593 MHz
2023/08/23 08:08:15.756, 0 %, 33, 48, 76.25 W, 76.60 W, 1755 MHz, 1593 MHz
2023/08/23 08:08:15.762, 0 %, 33, 48, 76.25 W, 76.60 W, 1755 MHz, 1593 MHz
2023/08/23 08:08:15.767, 0 %, 33, 48, 76.25 W, 76.60 W, 1755 MHz, 1593 MHz
2023/08/23 08:08:15.773, 0 %, 33, 48, 76.25 W, 76.60 W, 1755 MHz, 1593 MHz
2023/08/23 08:08:15.779, 0 %, 33, 48, 76.25 W, 76.60 W, 1755 MHz, 1593 MHz
2023/08/23 08:08:15.784, 0 %, 33, 48, 76.25 W, 76.12 W, 1755 MHz, 1593 MHz
2023/08/23 08:08:15.791, 0 %, 33, 48, 76.25 W, 76.12 W, 1755 MHz, 1593 MHz
2023/08/23 08:08:15.806, 0 %, 33, 48, 76.25 W, 76.12 W, 1755 MHz, 1593 MHz
2023/08/23 08:08:15.812, 0 %, 33, 48, 76.25 W, 76.12 W, 1755 MHz, 1593 MHz
2023/08/23 08:08:15.818, 0 %, 32, 48, 76.25 W, 76.12 W, 1755 MHz, 1593 MHz
2023/08/23 08:08:15.823, 0 %, 33, 48, 76.25 W, 76.12 W, 1755 MHz, 1593 MHz
2023/08/23 08:08:15.829, 0 %, 33, 48, 76.25 W, 76.12 W, 1755 MHz, 1593 MHz
2023/08/23 08:08:15.837, 0 %, 33, 48, 76.25 W, 76.12 W, 1755 MHz, 1593 MHz
2023/08/23 08:08:15.842, 0 %, 33, 48, 76.25 W, 76.12 W, 1755 MHz, 1593 MHz
2023/08/23 08:08:15.848, 0 %, 33, 48, 76.25 W, 76.12 W, 1755 MHz, 1593 MHz
2023/08/23 08:08:15.856, 0 %, 33, 48, 76.25 W, 76.12 W, 1755 MHz, 1593 MHz
2023/08/23 08:08:15.861, 0 %, 33, 48, 76.25 W, 76.12 W, 1755 MHz, 1593 MHz
2023/08/23 08:08:15.866, 0 %, 33, 48, 76.25 W, 76.12 W, 1755 MHz, 1593 MHz
2023/08/23 08:08:15.872, 0 %, 33, 48, 76.25 W, 76.12 W, 1755 MHz, 1593 MHz
2023/08/23 08:08:15.878, 0 %, 33, 48, 76.25 W, 76.12 W, 1755 MHz, 1593 MHz
2023/08/23 08:08:15.884, 0 %, 33, 48, 76.25 W, 76.12 W, 1755 MHz, 1593 MHz
2023/08/23 08:08:15.890, 0 %, 32, 48, 76.25 W, 76.60 W, 1755 MHz, 1593 MHz
2023/08/23 08:08:15.906, 0 %, 33, 48, 76.25 W, 76.60 W, 1755 MHz, 1593 MHz
2023/08/23 08:08:15.912, 0 %, 33, 48, 76.25 W, 76.60 W, 1755 MHz, 1593 MHz
2023/08/23 08:08:15.918, 0 %, 33, 48, 76.25 W, 76.60 W, 1755 MHz, 1593 MHz
2023/08/23 08:08:15.923, 0 %, 33, 48, 76.25 W, 76.60 W, 1755 MHz, 1593 MHz
2023/08/23 08:08:15.929, 0 %, 33, 48, 76.25 W, 76.60 W, 1755 MHz, 1593 MHz
2023/08/23 08:08:15.937, 0 %, 32, 48, 76.25 W, 76.60 W, 1755 MHz, 1593 MHz
2023/08/23 08:08:15.942, 0 %, 33, 48, 76.25 W, 76.60 W, 1755 MHz, 1593 MHz
2023/08/23 08:08:15.948, 0 %, 33, 48, 76.25 W, 76.60 W, 1755 MHz, 1593 MHz
2023/08/23 08:08:15.956, 0 %, 33, 48, 76.25 W, 76.60 W, 1755 MHz, 1593 MHz
2023/08/23 08:08:15.962, 0 %, 33, 48, 76.25 W, 76.60 W, 1755 MHz, 1593 MHz
2023/08/23 08:08:15.967, 0 %, 33, 48, 76.25 W, 76.60 W, 1755 MHz, 1593 MHz
2023/08/23 08:08:15.976, 0 %, 33, 48, 76.25 W, 76.60 W, 1755 MHz, 1593 MHz
2023/08/23 08:08:15.981, 0 %, 33, 48, 76.25 W, 76.60 W, 1755 MHz, 1593 MHz
2023/08/23 08:08:15.987, 0 %, 33, 48, 76.25 W, 76.55 W, 1755 MHz, 1593 MHz
2023/08/23 08:08:16.005, 0 %, 33, 48, 76.24 W, 76.55 W, 1755 MHz, 1593 MHz
2023/08/23 08:08:16.010, 0 %, 33, 48, 76.24 W, 76.55 W, 1755 MHz, 1593 MHz
2023/08/23 08:08:16.017, 0 %, 33, 48, 76.24 W, 76.55 W, 1755 MHz, 1593 MHz
2023/08/23 08:08:16.022, 0 %, 33, 48, 76.24 W, 76.55 W, 1755 MHz, 1593 MHz
2023/08/23 08:08:16.027, 0 %, 33, 48, 76.24 W, 76.55 W, 1755 MHz, 1593 MHz
2023/08/23 08:08:16.033, 0 %, 33, 48, 76.24 W, 76.55 W, 1755 MHz, 1593 MHz
2023/08/23 08:08:16.039, 0 %, 33, 48, 76.24 W, 76.55 W, 1755 MHz, 1593 MHz
2023/08/23 08:08:16.044, 0 %, 33, 48, 76.24 W, 76.55 W, 1755 MHz, 1593 MHz
2023/08/23 08:08:16.050, 0 %, 33, 48, 76.24 W, 76.55 W, 1755 MHz, 1593 MHz
2023/08/23 08:08:16.057, 0 %, 33, 48, 76.24 W, 76.55 W, 1755 MHz, 1593 MHz
2023/08/23 08:08:16.062, 0 %, 33, 48, 76.24 W, 76.55 W, 1755 MHz, 1593 MHz
2023/08/23 08:08:16.068, 0 %, 33, 48, 76.24 W, 76.55 W, 1755 MHz, 1593 MHz
2023/08/23 08:08:16.077, 0 %, 33, 48, 76.24 W, 76.55 W, 1755 MHz, 1593 MHz
2023/08/23 08:08:16.082, 0 %, 33, 48, 76.24 W, 76.55 W, 1755 MHz, 1593 MHz
2023/08/23 08:08:16.088, 0 %, 33, 48, 76.23 W, 76.12 W, 1755 MHz, 1593 MHz
2023/08/23 08:08:16.108, 0 %, 33, 48, 76.23 W, 76.12 W, 1755 MHz, 1593 MHz
2023/08/23 08:08:16.116, 0 %, 33, 48, 76.23 W, 76.12 W, 1755 MHz, 1593 MHz
2023/08/23 08:08:16.122, 0 %, 33, 48, 76.23 W, 76.12 W, 1755 MHz, 1593 MHz
2023/08/23 08:08:16.127, 0 %, 33, 48, 76.23 W, 76.12 W, 1755 MHz, 1593 MHz
2023/08/23 08:08:16.133, 0 %, 33, 48, 76.23 W, 76.12 W, 1755 MHz, 1593 MHz
2023/08/23 08:08:16.139, 0 %, 33, 48, 76.23 W, 76.12 W, 1755 MHz, 1593 MHz
2023/08/23 08:08:16.144, 0 %, 33, 48, 76.23 W, 76.12 W, 1755 MHz, 1593 MHz
2023/08/23 08:08:16.150, 0 %, 33, 48, 76.23 W, 76.12 W, 1755 MHz, 1593 MHz
2023/08/23 08:08:16.157, 0 %, 33, 48, 76.23 W, 76.12 W, 1755 MHz, 1593 MHz
2023/08/23 08:08:16.162, 0 %, 33, 48, 76.23 W, 76.12 W, 1755 MHz, 1593 MHz
2023/08/23 08:08:16.168, 0 %, 33, 48, 76.23 W, 76.12 W, 1755 MHz, 1593 MHz
2023/08/23 08:08:16.177, 0 %, 33, 48, 76.23 W, 76.12 W, 1755 MHz, 1593 MHz
2023/08/23 08:08:16.182, 0 %, 33, 48, 76.23 W, 76.12 W, 1755 MHz, 1593 MHz
2023/08/23 08:08:16.187, 0 %, 33, 48, 76.24 W, 76.55 W, 1755 MHz, 1593 MHz
2023/08/23 08:08:16.193, 0 %, 33, 48, 76.24 W, 76.55 W, 1755 MHz, 1593 MHz
2023/08/23 08:08:16.207, 0 %, 33, 48, 76.24 W, 76.55 W, 1755 MHz, 1593 MHz
2023/08/23 08:08:16.212, 0 %, 33, 48, 76.24 W, 76.55 W, 1755 MHz, 1593 MHz
2023/08/23 08:08:16.219, 0 %, 33, 48, 76.24 W, 76.55 W, 1755 MHz, 1593 MHz
2023/08/23 08:08:16.224, 0 %, 33, 48, 76.24 W, 76.55 W, 1755 MHz, 1593 MHz
2023/08/23 08:08:16.229, 0 %, 33, 48, 76.24 W, 76.55 W, 1755 MHz, 1593 MHz
2023/08/23 08:08:16.237, 0 %, 33, 48, 76.24 W, 76.55 W, 1755 MHz, 1593 MHz
2023/08/23 08:08:16.242, 0 %, 33, 48, 76.24 W, 76.55 W, 1755 MHz, 1593 MHz
2023/08/23 08:08:16.248, 0 %, 33, 48, 76.24 W, 76.55 W, 1755 MHz, 1593 MHz
2023/08/23 08:08:16.256, 0 %, 33, 48, 76.24 W, 76.55 W, 1755 MHz, 1593 MHz
2023/08/23 08:08:16.262, 0 %, 33, 48, 76.24 W, 76.55 W, 1755 MHz, 1593 MHz
2023/08/23 08:08:16.267, 0 %, 33, 48, 76.24 W, 76.55 W, 1755 MHz, 1593 MHz
2023/08/23 08:08:16.273, 0 %, 33, 48, 76.24 W, 76.55 W, 1755 MHz, 1593 MHz
2023/08/23 08:08:16.278, 0 %, 33, 48, 76.24 W, 76.55 W, 1755 MHz, 1593 MHz
2023/08/23 08:08:16.284, 0 %, 33, 48, 76.24 W, 76.55 W, 1755 MHz, 1593 MHz
2023/08/23 08:08:16.291, 0 %, 33, 48, 76.27 W, 76.55 W, 1755 MHz, 1593 MHz
2023/08/23 08:08:16.308, 0 %, 33, 48, 76.27 W, 76.55 W, 1755 MHz, 1593 MHz
2023/08/23 08:08:16.316, 0 %, 33, 48, 76.27 W, 76.55 W, 1755 MHz, 1593 MHz
2023/08/23 08:08:16.321, 0 %, 33, 48, 76.27 W, 76.55 W, 1755 MHz, 1593 MHz
2023/08/23 08:08:16.326, 0 %, 33, 48, 76.27 W, 76.55 W, 1755 MHz, 1593 MHz
2023/08/23 08:08:16.332, 0 %, 33, 48, 76.27 W, 76.55 W, 1755 MHz, 1593 MHz
2023/08/23 08:08:16.338, 0 %, 33, 48, 76.27 W, 76.55 W, 1755 MHz, 1593 MHz
2023/08/23 08:08:16.344, 0 %, 33, 48, 76.27 W, 76.55 W, 1755 MHz, 1593 MHz
2023/08/23 08:08:16.349, 0 %, 33, 48, 76.27 W, 76.55 W, 1755 MHz, 1593 MHz
2023/08/23 08:08:16.357, 0 %, 33, 48, 76.27 W, 76.55 W, 1755 MHz, 1593 MHz
2023/08/23 08:08:16.361, 0 %, 33, 48, 76.27 W, 76.55 W, 1755 MHz, 1593 MHz
2023/08/23 08:08:16.366, 0 %, 33, 48, 76.27 W, 76.55 W, 1755 MHz, 1593 MHz
2023/08/23 08:08:16.372, 0 %, 33, 48, 76.27 W, 76.55 W, 1755 MHz, 1593 MHz
2023/08/23 08:08:16.378, 0 %, 33, 48, 76.27 W, 76.55 W, 1755 MHz, 1593 MHz
2023/08/23 08:08:16.384, 0 %, 33, 48, 76.27 W, 76.55 W, 1755 MHz, 1593 MHz
2023/08/23 08:08:16.389, 0 %, 33, 48, 76.34 W, 76.55 W, 1755 MHz, 1593 MHz
2023/08/23 08:08:16.405, 0 %, 33, 48, 76.34 W, 76.55 W, 1755 MHz, 1593 MHz
2023/08/23 08:08:16.410, 0 %, 33, 48, 76.34 W, 76.55 W, 1755 MHz, 1593 MHz
2023/08/23 08:08:16.417, 0 %, 33, 48, 76.34 W, 76.55 W, 1755 MHz, 1593 MHz
2023/08/23 08:08:16.423, 0 %, 33, 48, 76.34 W, 76.55 W, 1755 MHz, 1593 MHz
2023/08/23 08:08:16.428, 0 %, 33, 48, 76.34 W, 76.55 W, 1755 MHz, 1593 MHz
2023/08/23 08:08:16.436, 0 %, 33, 48, 76.34 W, 76.55 W, 1755 MHz, 1593 MHz
2023/08/23 08:08:16.441, 0 %, 33, 48, 76.34 W, 76.55 W, 1755 MHz, 1593 MHz
2023/08/23 08:08:16.447, 0 %, 33, 48, 76.34 W, 76.55 W, 1755 MHz, 1593 MHz
2023/08/23 08:08:16.452, 0 %, 33, 48, 76.34 W, 76.55 W, 1755 MHz, 1593 MHz
2023/08/23 08:08:16.458, 0 %, 33, 48, 76.34 W, 76.55 W, 1755 MHz, 1593 MHz
2023/08/23 08:08:16.464, 0 %, 33, 48, 76.34 W, 76.55 W, 1755 MHz, 1593 MHz
2023/08/23 08:08:16.469, 0 %, 33, 48, 76.34 W, 76.55 W, 1755 MHz, 1593 MHz
2023/08/23 08:08:16.477, 0 %, 33, 48, 76.34 W, 76.55 W, 1755 MHz, 1593 MHz
2023/08/23 08:08:16.482, 0 %, 33, 48, 76.34 W, 76.55 W, 1755 MHz, 1593 MHz
2023/08/23 08:08:16.488, 0 %, 33, 48, 76.38 W, 76.55 W, 1755 MHz, 1593 MHz
2023/08/23 08:08:16.507, 0 %, 33, 48, 76.38 W, 76.55 W, 1755 MHz, 1593 MHz
2023/08/23 08:08:16.514, 0 %, 33, 48, 76.38 W, 76.55 W, 1755 MHz, 1593 MHz
2023/08/23 08:08:16.520, 0 %, 33, 48, 76.38 W, 76.55 W, 1755 MHz, 1593 MHz
2023/08/23 08:08:16.525, 0 %, 33, 48, 76.38 W, 76.55 W, 1755 MHz, 1593 MHz
2023/08/23 08:08:16.530, 0 %, 33, 48, 76.38 W, 76.55 W, 1755 MHz, 1593 MHz
2023/08/23 08:08:16.538, 0 %, 33, 48, 76.38 W, 76.55 W, 1755 MHz, 1593 MHz
2023/08/23 08:08:16.543, 0 %, 33, 48, 76.38 W, 76.55 W, 1755 MHz, 1593 MHz
2023/08/23 08:08:16.549, 0 %, 33, 48, 76.38 W, 76.55 W, 1755 MHz, 1593 MHz
2023/08/23 08:08:16.557, 0 %, 33, 48, 76.38 W, 76.55 W, 1755 MHz, 1593 MHz
2023/08/23 08:08:16.562, 0 %, 33, 48, 76.38 W, 76.55 W, 1755 MHz, 1593 MHz
2023/08/23 08:08:16.568, 0 %, 34, 48, 76.38 W, 76.55 W, 1755 MHz, 1593 MHz
2023/08/23 08:08:16.577, 0 %, 34, 48, 76.38 W, 76.55 W, 1755 MHz, 1593 MHz
2023/08/23 08:08:16.582, 0 %, 35, 48, 76.38 W, 76.55 W, 1755 MHz, 1593 MHz
2023/08/23 08:08:16.588, 0 %, 35, 49, 100.62 W, 340.11 W, 1500 MHz, 1593 MHz
2023/08/23 08:08:16.608, 0 %, 35, 49, 100.62 W, 340.11 W, 1410 MHz, 1593 MHz
2023/08/23 08:08:16.622, 0 %, 35, 50, 100.62 W, 340.11 W, 1410 MHz, 1593 MHz
2023/08/23 08:08:16.627, 0 %, 35, 49, 100.62 W, 340.11 W, 1410 MHz, 1593 MHz
2023/08/23 08:08:16.633, 0 %, 35, 50, 100.62 W, 340.11 W, 1455 MHz, 1593 MHz
2023/08/23 08:08:16.642, 0 %, 35, 50, 100.62 W, 340.11 W, 1455 MHz, 1593 MHz
2023/08/23 08:08:16.648, 0 %, 35, 50, 100.62 W, 340.11 W, 1485 MHz, 1593 MHz
2023/08/23 08:08:16.660, 0 %, 35, 50, 100.62 W, 340.11 W, 1485 MHz, 1593 MHz
2023/08/23 08:08:16.665, 0 %, 35, 50, 100.62 W, 340.11 W, 1485 MHz, 1593 MHz
2023/08/23 08:08:16.677, 0 %, 35, 50, 100.62 W, 340.11 W, 1485 MHz, 1593 MHz
2023/08/23 08:08:16.682, 0 %, 35, 50, 100.62 W, 340.11 W, 1485 MHz, 1593 MHz
2023/08/23 08:08:16.688, 0 %, 36, 50, 119.55 W, 283.12 W, 1485 MHz, 1593 MHz
2023/08/23 08:08:16.708, 76 %, 36, 50, 119.55 W, 283.12 W, 1485 MHz, 1593 MHz
2023/08/23 08:08:16.717, 76 %, 36, 50, 119.55 W, 283.12 W, 1485 MHz, 1593 MHz
2023/08/23 08:08:16.724, 76 %, 36, 50, 119.55 W, 283.12 W, 1485 MHz, 1593 MHz
2023/08/23 08:08:16.729, 76 %, 36, 50, 119.55 W, 283.12 W, 1485 MHz, 1593 MHz
2023/08/23 08:08:16.737, 76 %, 36, 51, 119.55 W, 283.12 W, 1485 MHz, 1593 MHz
2023/08/23 08:08:16.743, 76 %, 36, 50, 119.55 W, 283.12 W, 1485 MHz, 1593 MHz
2023/08/23 08:08:16.748, 76 %, 36, 50, 119.55 W, 283.12 W, 1485 MHz, 1593 MHz
2023/08/23 08:08:16.757, 76 %, 36, 51, 119.55 W, 283.12 W, 1485 MHz, 1593 MHz
2023/08/23 08:08:16.762, 76 %, 36, 51, 119.55 W, 283.12 W, 1485 MHz, 1593 MHz
2023/08/23 08:08:16.768, 76 %, 36, 51, 119.55 W, 283.12 W, 1485 MHz, 1593 MHz
2023/08/23 08:08:16.779, 76 %, 36, 51, 119.55 W, 283.12 W, 1485 MHz, 1593 MHz
2023/08/23 08:08:16.784, 76 %, 36, 51, 119.55 W, 283.12 W, 1485 MHz, 1593 MHz
2023/08/23 08:08:16.789, 76 %, 36, 51, 138.40 W, 280.79 W, 1485 MHz, 1593 MHz
2023/08/23 08:08:16.806, 76 %, 36, 50, 138.40 W, 280.79 W, 1485 MHz, 1593 MHz
2023/08/23 08:08:16.812, 76 %, 36, 51, 138.40 W, 280.79 W, 1485 MHz, 1593 MHz
2023/08/23 08:08:16.819, 76 %, 36, 51, 138.40 W, 280.79 W, 1485 MHz, 1593 MHz
2023/08/23 08:08:16.824, 76 %, 36, 51, 138.40 W, 280.79 W, 1485 MHz, 1593 MHz
2023/08/23 08:08:16.830, 76 %, 36, 50, 138.40 W, 280.79 W, 1485 MHz, 1593 MHz
2023/08/23 08:08:16.838, 76 %, 36, 51, 138.40 W, 280.79 W, 1485 MHz, 1593 MHz
2023/08/23 08:08:16.843, 76 %, 36, 51, 138.40 W, 280.79 W, 1485 MHz, 1593 MHz
2023/08/23 08:08:16.849, 76 %, 36, 51, 138.40 W, 280.79 W, 1485 MHz, 1593 MHz
2023/08/23 08:08:16.857, 76 %, 36, 50, 138.40 W, 280.79 W, 1485 MHz, 1593 MHz
2023/08/23 08:08:16.863, 76 %, 36, 51, 138.40 W, 280.79 W, 1485 MHz, 1593 MHz
2023/08/23 08:08:16.869, 76 %, 36, 51, 138.40 W, 280.79 W, 1485 MHz, 1593 MHz
2023/08/23 08:08:16.880, 76 %, 36, 51, 138.40 W, 280.79 W, 1485 MHz, 1593 MHz
2023/08/23 08:08:16.885, 76 %, 36, 51, 138.40 W, 282.73 W, 1485 MHz, 1593 MHz
2023/08/23 08:08:16.893, 100 %, 36, 51, 157.07 W, 282.73 W, 1485 MHz, 1593 MHz
2023/08/23 08:08:16.907, 100 %, 36, 51, 157.07 W, 282.73 W, 1485 MHz, 1593 MHz
2023/08/23 08:08:16.913, 100 %, 36, 51, 157.07 W, 282.73 W, 1485 MHz, 1593 MHz
2023/08/23 08:08:16.919, 100 %, 36, 50, 157.07 W, 282.73 W, 1485 MHz, 1593 MHz
2023/08/23 08:08:16.925, 100 %, 36, 51, 157.07 W, 282.73 W, 1485 MHz, 1593 MHz
2023/08/23 08:08:16.930, 100 %, 36, 51, 157.07 W, 282.73 W, 1485 MHz, 1593 MHz
2023/08/23 08:08:16.938, 100 %, 36, 51, 157.07 W, 282.73 W, 1485 MHz, 1593 MHz
2023/08/23 08:08:16.943, 100 %, 36, 51, 157.07 W, 282.73 W, 1485 MHz, 1593 MHz
2023/08/23 08:08:16.949, 100 %, 36, 50, 157.07 W, 282.73 W, 1485 MHz, 1593 MHz
2023/08/23 08:08:16.957, 100 %, 36, 51, 157.07 W, 282.73 W, 1485 MHz, 1593 MHz
2023/08/23 08:08:16.962, 100 %, 36, 51, 157.07 W, 282.73 W, 1485 MHz, 1593 MHz
2023/08/23 08:08:16.968, 100 %, 36, 51, 157.07 W, 282.73 W, 1485 MHz, 1593 MHz
2023/08/23 08:08:16.979, 100 %, 36, 51, 157.07 W, 282.73 W, 1485 MHz, 1593 MHz
2023/08/23 08:08:16.984, 100 %, 36, 51, 157.07 W, 280.79 W, 1485 MHz, 1593 MHz
2023/08/23 08:08:16.991, 100 %, 36, 51, 185.65 W, 280.79 W, 1485 MHz, 1593 MHz
2023/08/23 08:08:17.007, 100 %, 36, 51, 185.65 W, 280.79 W, 1485 MHz, 1593 MHz
2023/08/23 08:08:17.013, 100 %, 36, 51, 185.65 W, 280.79 W, 1485 MHz, 1593 MHz
2023/08/23 08:08:17.019, 100 %, 36, 51, 185.65 W, 280.79 W, 1485 MHz, 1593 MHz
2023/08/23 08:08:17.025, 100 %, 36, 51, 185.65 W, 280.79 W, 1485 MHz, 1593 MHz
2023/08/23 08:08:17.031, 100 %, 36, 51, 185.65 W, 280.79 W, 1485 MHz, 1593 MHz
2023/08/23 08:08:17.038, 100 %, 36, 51, 185.65 W, 280.79 W, 1485 MHz, 1593 MHz
2023/08/23 08:08:17.044, 100 %, 36, 51, 185.65 W, 280.79 W, 1485 MHz, 1593 MHz
2023/08/23 08:08:17.049, 100 %, 37, 51, 185.65 W, 280.79 W, 1485 MHz, 1593 MHz
2023/08/23 08:08:17.057, 100 %, 37, 51, 185.65 W, 280.79 W, 1485 MHz, 1593 MHz
2023/08/23 08:08:17.063, 100 %, 37, 52, 185.65 W, 280.79 W, 1485 MHz, 1593 MHz
2023/08/23 08:08:17.068, 100 %, 37, 51, 185.65 W, 280.79 W, 1500 MHz, 1593 MHz
2023/08/23 08:08:17.081, 100 %, 37, 51, 185.65 W, 280.79 W, 1500 MHz, 1593 MHz
2023/08/23 08:08:17.086, 100 %, 37, 51, 185.65 W, 287.11 W, 1500 MHz, 1593 MHz
2023/08/23 08:08:17.106, 100 %, 37, 51, 206.68 W, 287.11 W, 1500 MHz, 1593 MHz
2023/08/23 08:08:17.111, 100 %, 37, 51, 206.68 W, 287.11 W, 1485 MHz, 1593 MHz
2023/08/23 08:08:17.120, 100 %, 37, 51, 206.68 W, 287.11 W, 1485 MHz, 1593 MHz
2023/08/23 08:08:17.126, 100 %, 37, 51, 206.68 W, 287.11 W, 1485 MHz, 1593 MHz
2023/08/23 08:08:17.132, 100 %, 37, 52, 206.68 W, 287.11 W, 1485 MHz, 1593 MHz
2023/08/23 08:08:17.138, 100 %, 37, 51, 206.68 W, 287.11 W, 1485 MHz, 1593 MHz
2023/08/23 08:08:17.143, 100 %, 37, 51, 206.68 W, 287.11 W, 1485 MHz, 1593 MHz
2023/08/23 08:08:17.149, 100 %, 37, 52, 206.68 W, 287.11 W, 1485 MHz, 1593 MHz
2023/08/23 08:08:17.158, 100 %, 37, 52, 206.68 W, 287.11 W, 1485 MHz, 1593 MHz
2023/08/23 08:08:17.188, 100 %, 37, 51, 227.57 W, 284.68 W, 1485 MHz, 1593 MHz
2023/08/23 08:08:17.206, 100 %, 37, 52, 227.57 W, 284.68 W, 1485 MHz, 1593 MHz
2023/08/23 08:08:17.211, 100 %, 37, 51, 227.57 W, 284.68 W, 1485 MHz, 1593 MHz
2023/08/23 08:08:17.218, 100 %, 37, 51, 227.57 W, 284.68 W, 1485 MHz, 1593 MHz
2023/08/23 08:08:17.224, 100 %, 37, 52, 227.57 W, 284.68 W, 1485 MHz, 1593 MHz
2023/08/23 08:08:17.229, 100 %, 37, 51, 227.57 W, 284.68 W, 1485 MHz, 1593 MHz
2023/08/23 08:08:17.238, 100 %, 37, 51, 227.57 W, 284.68 W, 1485 MHz, 1593 MHz
2023/08/23 08:08:17.243, 100 %, 37, 51, 227.57 W, 284.68 W, 1485 MHz, 1593 MHz
2023/08/23 08:08:17.249, 100 %, 37, 51, 227.57 W, 284.68 W, 1485 MHz, 1593 MHz
2023/08/23 08:08:17.257, 100 %, 37, 51, 227.57 W, 284.68 W, 1485 MHz, 1593 MHz
2023/08/23 08:08:17.263, 100 %, 37, 52, 227.57 W, 284.68 W, 1485 MHz, 1593 MHz
2023/08/23 08:08:17.268, 100 %, 37, 51, 227.57 W, 284.68 W, 1485 MHz, 1593 MHz
2023/08/23 08:08:17.279, 100 %, 37, 51, 227.57 W, 284.68 W, 1485 MHz, 1593 MHz
2023/08/23 08:08:17.284, 100 %, 37, 51, 227.57 W, 280.48 W, 1485 MHz, 1593 MHz
2023/08/23 08:08:17.291, 100 %, 37, 51, 232.42 W, 280.48 W, 1485 MHz, 1593 MHz
2023/08/23 08:08:17.307, 100 %, 37, 52, 232.42 W, 280.48 W, 1485 MHz, 1593 MHz
2023/08/23 08:08:17.317, 100 %, 37, 51, 232.42 W, 280.48 W, 1485 MHz, 1593 MHz
2023/08/23 08:08:17.322, 100 %, 37, 51, 232.42 W, 280.48 W, 1485 MHz, 1593 MHz
2023/08/23 08:08:17.327, 100 %, 37, 52, 232.42 W, 280.48 W, 1485 MHz, 1593 MHz
2023/08/23 08:08:17.333, 100 %, 37, 52, 232.42 W, 280.48 W, 1485 MHz, 1593 MHz
2023/08/23 08:08:17.339, 100 %, 37, 52, 232.42 W, 280.48 W, 1485 MHz, 1593 MHz
2023/08/23 08:08:17.345, 100 %, 37, 52, 232.42 W, 280.48 W, 1485 MHz, 1593 MHz
2023/08/23 08:08:17.351, 100 %, 37, 51, 232.42 W, 280.48 W, 1485 MHz, 1593 MHz
2023/08/23 08:08:17.357, 100 %, 37, 51, 232.42 W, 280.48 W, 1485 MHz, 1593 MHz
2023/08/23 08:08:17.363, 100 %, 37, 51, 232.42 W, 280.48 W, 1485 MHz, 1593 MHz
2023/08/23 08:08:17.368, 100 %, 37, 51, 232.42 W, 280.48 W, 1485 MHz, 1593 MHz
2023/08/23 08:08:17.379, 100 %, 37, 52, 232.42 W, 280.48 W, 1485 MHz, 1593 MHz
2023/08/23 08:08:17.385, 100 %, 37, 51, 232.42 W, 283.79 W, 1485 MHz, 1593 MHz
2023/08/23 08:08:17.391, 100 %, 37, 51, 268.85 W, 283.79 W, 1485 MHz, 1593 MHz
2023/08/23 08:08:17.407, 100 %, 37, 51, 268.85 W, 283.79 W, 1485 MHz, 1593 MHz
2023/08/23 08:08:17.413, 100 %, 37, 51, 268.85 W, 283.79 W, 1485 MHz, 1593 MHz
2023/08/23 08:08:17.419, 100 %, 37, 51, 268.85 W, 283.79 W, 1485 MHz, 1593 MHz
2023/08/23 08:08:17.425, 100 %, 37, 51, 268.85 W, 283.79 W, 1485 MHz, 1593 MHz
2023/08/23 08:08:17.430, 100 %, 37, 52, 268.85 W, 283.79 W, 1485 MHz, 1593 MHz
2023/08/23 08:08:17.438, 100 %, 37, 51, 268.85 W, 283.79 W, 1485 MHz, 1593 MHz
2023/08/23 08:08:17.444, 100 %, 37, 51, 268.85 W, 283.79 W, 1485 MHz, 1593 MHz
2023/08/23 08:08:17.450, 100 %, 37, 51, 268.85 W, 283.79 W, 1485 MHz, 1593 MHz
2023/08/23 08:08:17.458, 100 %, 37, 51, 268.85 W, 283.79 W, 1485 MHz, 1593 MHz
2023/08/23 08:08:17.463, 100 %, 37, 52, 268.85 W, 283.79 W, 1485 MHz, 1593 MHz
2023/08/23 08:08:17.469, 100 %, 37, 51, 268.85 W, 283.79 W, 1485 MHz, 1593 MHz
2023/08/23 08:08:17.480, 100 %, 37, 51, 268.85 W, 283.79 W, 1485 MHz, 1593 MHz
2023/08/23 08:08:17.485, 100 %, 37, 51, 268.85 W, 282.42 W, 1485 MHz, 1593 MHz
2023/08/23 08:08:17.493, 100 %, 37, 51, 289.22 W, 282.42 W, 1485 MHz, 1593 MHz
2023/08/23 08:08:17.508, 100 %, 37, 51, 289.22 W, 282.42 W, 1485 MHz, 1593 MHz
2023/08/23 08:08:17.517, 100 %, 37, 52, 289.22 W, 282.42 W, 1485 MHz, 1593 MHz
2023/08/23 08:08:17.523, 100 %, 37, 51, 289.22 W, 282.42 W, 1485 MHz, 1593 MHz
2023/08/23 08:08:17.528, 100 %, 37, 52, 289.22 W, 282.42 W, 1485 MHz, 1593 MHz
2023/08/23 08:08:17.537, 100 %, 37, 51, 289.22 W, 282.42 W, 1485 MHz, 1593 MHz
2023/08/23 08:08:17.543, 100 %, 37, 51, 289.22 W, 282.42 W, 1485 MHz, 1593 MHz
2023/08/23 08:08:17.548, 100 %, 37, 51, 289.22 W, 282.42 W, 1485 MHz, 1593 MHz
2023/08/23 08:08:17.557, 100 %, 37, 52, 289.22 W, 282.42 W, 1485 MHz, 1593 MHz
2023/08/23 08:08:17.563, 100 %, 37, 52, 289.22 W, 282.42 W, 1485 MHz, 1593 MHz
2023/08/23 08:08:17.568, 100 %, 37, 51, 289.22 W, 282.42 W, 1485 MHz, 1593 MHz
2023/08/23 08:08:17.580, 100 %, 37, 51, 289.22 W, 282.42 W, 1485 MHz, 1593 MHz
2023/08/23 08:08:17.585, 100 %, 37, 51, 289.22 W, 283.88 W, 1485 MHz, 1593 MHz
2023/08/23 08:08:17.593, 100 %, 37, 51, 283.31 W, 283.88 W, 1485 MHz, 1593 MHz
2023/08/23 08:08:17.607, 100 %, 37, 51, 283.31 W, 283.88 W, 1485 MHz, 1593 MHz
2023/08/23 08:08:17.612, 100 %, 37, 51, 283.31 W, 283.88 W, 1485 MHz, 1593 MHz
2023/08/23 08:08:17.619, 100 %, 37, 52, 283.31 W, 283.88 W, 1485 MHz, 1593 MHz
2023/08/23 08:08:17.625, 100 %, 37, 51, 283.31 W, 283.88 W, 1485 MHz, 1593 MHz
2023/08/23 08:08:17.630, 100 %, 37, 52, 283.31 W, 283.88 W, 1485 MHz, 1593 MHz
2023/08/23 08:08:17.638, 100 %, 37, 51, 283.31 W, 283.88 W, 1485 MHz, 1593 MHz
2023/08/23 08:08:17.644, 100 %, 37, 52, 283.31 W, 283.88 W, 1485 MHz, 1593 MHz
2023/08/23 08:08:17.649, 100 %, 37, 52, 283.31 W, 283.88 W, 1485 MHz, 1593 MHz
2023/08/23 08:08:17.682, 100 %, 37, 52, 283.31 W, 283.88 W, 1485 MHz, 1593 MHz
2023/08/23 08:08:17.688, 100 %, 37, 51, 283.44 W, 284.37 W, 1485 MHz, 1593 MHz
2023/08/23 08:08:17.706, 100 %, 37, 51, 283.44 W, 284.37 W, 1485 MHz, 1593 MHz
2023/08/23 08:08:17.712, 100 %, 37, 51, 283.44 W, 284.37 W, 1485 MHz, 1593 MHz
2023/08/23 08:08:17.719, 100 %, 37, 51, 283.44 W, 284.37 W, 1485 MHz, 1593 MHz
2023/08/23 08:08:17.725, 100 %, 37, 52, 283.44 W, 284.37 W, 1485 MHz, 1593 MHz
2023/08/23 08:08:17.730, 100 %, 37, 51, 283.44 W, 284.37 W, 1485 MHz, 1593 MHz
2023/08/23 08:08:17.738, 100 %, 37, 52, 283.44 W, 284.37 W, 1485 MHz, 1593 MHz
2023/08/23 08:08:17.743, 100 %, 37, 52, 283.44 W, 284.37 W, 1485 MHz, 1593 MHz
2023/08/23 08:08:17.749, 100 %, 37, 51, 283.44 W, 284.37 W, 1485 MHz, 1593 MHz
2023/08/23 08:08:17.757, 100 %, 37, 53, 283.44 W, 284.37 W, 1485 MHz, 1593 MHz
2023/08/23 08:08:17.763, 100 %, 37, 52, 283.44 W, 284.37 W, 1485 MHz, 1593 MHz
2023/08/23 08:08:17.769, 100 %, 37, 51, 283.44 W, 284.37 W, 1500 MHz, 1593 MHz
2023/08/23 08:08:17.781, 100 %, 37, 52, 283.44 W, 284.37 W, 1500 MHz, 1593 MHz
2023/08/23 08:08:17.787, 100 %, 37, 52, 283.44 W, 288.08 W, 1500 MHz, 1593 MHz
2023/08/23 08:08:17.803, 100 %, 37, 52, 283.90 W, 288.08 W, 1500 MHz, 1593 MHz
2023/08/23 08:08:17.809, 100 %, 37, 51, 283.90 W, 288.08 W, 1485 MHz, 1593 MHz
2023/08/23 08:08:17.819, 100 %, 37, 52, 283.90 W, 288.08 W, 1485 MHz, 1593 MHz
2023/08/23 08:08:17.825, 100 %, 37, 52, 283.90 W, 288.08 W, 1485 MHz, 1593 MHz
2023/08/23 08:08:17.830, 100 %, 37, 52, 283.90 W, 288.08 W, 1485 MHz, 1593 MHz
2023/08/23 08:08:17.837, 100 %, 37, 52, 283.90 W, 288.08 W, 1485 MHz, 1593 MHz
2023/08/23 08:08:17.843, 100 %, 37, 52, 283.90 W, 288.08 W, 1485 MHz, 1593 MHz
2023/08/23 08:08:17.849, 100 %, 37, 52, 283.90 W, 288.08 W, 1485 MHz, 1593 MHz
2023/08/23 08:08:17.857, 100 %, 37, 52, 283.90 W, 288.08 W, 1485 MHz, 1593 MHz
2023/08/23 08:08:17.863, 100 %, 37, 52, 283.90 W, 288.08 W, 1485 MHz, 1593 MHz
2023/08/23 08:08:17.869, 100 %, 37, 52, 283.90 W, 288.08 W, 1485 MHz, 1593 MHz
2023/08/23 08:08:17.880, 100 %, 37, 51, 283.90 W, 288.08 W, 1485 MHz, 1593 MHz
2023/08/23 08:08:17.885, 100 %, 37, 52, 283.90 W, 286.14 W, 1485 MHz, 1593 MHz
2023/08/23 08:08:17.893, 100 %, 38, 52, 284.35 W, 286.14 W, 1485 MHz, 1593 MHz
2023/08/23 08:08:17.908, 100 %, 37, 52, 284.35 W, 286.14 W, 1485 MHz, 1593 MHz
2023/08/23 08:08:17.917, 100 %, 38, 52, 284.35 W, 286.14 W, 1485 MHz, 1593 MHz
2023/08/23 08:08:17.922, 100 %, 38, 52, 284.35 W, 286.14 W, 1485 MHz, 1593 MHz
2023/08/23 08:08:17.927, 100 %, 38, 52, 284.35 W, 286.14 W, 1485 MHz, 1593 MHz
2023/08/23 08:08:17.936, 100 %, 38, 52, 284.35 W, 286.14 W, 1485 MHz, 1593 MHz
2023/08/23 08:08:17.942, 100 %, 38, 52, 284.35 W, 286.14 W, 1485 MHz, 1593 MHz
2023/08/23 08:08:17.948, 100 %, 38, 52, 284.35 W, 286.14 W, 1485 MHz, 1593 MHz
2023/08/23 08:08:17.957, 100 %, 38, 52, 284.35 W, 286.14 W, 1485 MHz, 1593 MHz
2023/08/23 08:08:17.962, 100 %, 38, 52, 284.35 W, 286.14 W, 1485 MHz, 1593 MHz
2023/08/23 08:08:17.968, 100 %, 38, 52, 284.35 W, 286.14 W, 1485 MHz, 1593 MHz
2023/08/23 08:08:17.980, 100 %, 38, 52, 284.35 W, 286.14 W, 1485 MHz, 1593 MHz
2023/08/23 08:08:17.985, 100 %, 38, 52, 284.35 W, 282.25 W, 1485 MHz, 1593 MHz
2023/08/23 08:08:17.991, 100 %, 38, 52, 284.52 W, 282.25 W, 1485 MHz, 1593 MHz
2023/08/23 08:08:18.007, 100 %, 38, 52, 284.52 W, 282.25 W, 1485 MHz, 1593 MHz
2023/08/23 08:08:18.012, 100 %, 38, 52, 284.52 W, 282.25 W, 1485 MHz, 1593 MHz
2023/08/23 08:08:18.019, 100 %, 38, 52, 284.52 W, 282.25 W, 1485 MHz, 1593 MHz
2023/08/23 08:08:18.025, 100 %, 38, 52, 284.52 W, 282.25 W, 1485 MHz, 1593 MHz
2023/08/23 08:08:18.030, 100 %, 38, 52, 284.52 W, 282.25 W, 1485 MHz, 1593 MHz
2023/08/23 08:08:18.038, 100 %, 38, 52, 284.52 W, 282.25 W, 1485 MHz, 1593 MHz
2023/08/23 08:08:18.044, 100 %, 38, 53, 284.52 W, 282.25 W, 1485 MHz, 1593 MHz
2023/08/23 08:08:18.049, 100 %, 38, 52, 284.52 W, 282.25 W, 1485 MHz, 1593 MHz
2023/08/23 08:08:18.058, 100 %, 38, 52, 284.52 W, 282.25 W, 1485 MHz, 1593 MHz
2023/08/23 08:08:18.063, 100 %, 38, 52, 284.52 W, 282.25 W, 1485 MHz, 1593 MHz
2023/08/23 08:08:18.068, 100 %, 38, 52, 284.52 W, 282.25 W, 1485 MHz, 1593 MHz
2023/08/23 08:08:18.080, 100 %, 38, 52, 284.52 W, 282.25 W, 1485 MHz, 1593 MHz
2023/08/23 08:08:18.085, 100 %, 38, 52, 284.52 W, 285.65 W, 1485 MHz, 1593 MHz
2023/08/23 08:08:18.091, 100 %, 38, 52, 284.28 W, 285.65 W, 1485 MHz, 1593 MHz
2023/08/23 08:08:18.109, 100 %, 38, 52, 284.28 W, 285.65 W, 1500 MHz, 1593 MHz
2023/08/23 08:08:18.120, 100 %, 38, 52, 284.28 W, 285.65 W, 1500 MHz, 1593 MHz
2023/08/23 08:08:18.125, 100 %, 38, 52, 284.28 W, 285.65 W, 1500 MHz, 1593 MHz
2023/08/23 08:08:18.131, 100 %, 38, 52, 284.28 W, 285.65 W, 1500 MHz, 1593 MHz
2023/08/23 08:08:18.138, 100 %, 38, 52, 284.28 W, 285.65 W, 1500 MHz, 1593 MHz
2023/08/23 08:08:18.143, 100 %, 38, 52, 284.28 W, 285.65 W, 1500 MHz, 1593 MHz
2023/08/23 08:08:18.149, 100 %, 38, 52, 284.28 W, 285.65 W, 1485 MHz, 1593 MHz
2023/08/23 08:08:18.159, 100 %, 38, 52, 284.28 W, 285.65 W, 1485 MHz, 1593 MHz
2023/08/23 08:08:18.164, 100 %, 38, 53, 284.28 W, 285.65 W, 1485 MHz, 1593 MHz
2023/08/23 08:08:18.170, 100 %, 38, 53, 284.28 W, 285.65 W, 1485 MHz, 1593 MHz
2023/08/23 08:08:18.179, 100 %, 38, 52, 284.28 W, 285.65 W, 1485 MHz, 1593 MHz
2023/08/23 08:08:18.185, 100 %, 38, 52, 284.28 W, 286.14 W, 1485 MHz, 1593 MHz
2023/08/23 08:08:18.191, 100 %, 38, 52, 284.41 W, 286.14 W, 1485 MHz, 1593 MHz
2023/08/23 08:08:18.207, 100 %, 38, 53, 284.41 W, 286.14 W, 1485 MHz, 1593 MHz
2023/08/23 08:08:18.216, 100 %, 38, 52, 284.41 W, 286.14 W, 1485 MHz, 1593 MHz
2023/08/23 08:08:18.222, 100 %, 38, 53, 284.41 W, 286.14 W, 1485 MHz, 1593 MHz
2023/08/23 08:08:18.227, 100 %, 38, 52, 284.41 W, 286.14 W, 1485 MHz, 1593 MHz
2023/08/23 08:08:18.233, 100 %, 38, 53, 284.41 W, 286.14 W, 1485 MHz, 1593 MHz
2023/08/23 08:08:18.240, 100 %, 38, 52, 284.41 W, 286.14 W, 1485 MHz, 1593 MHz
2023/08/23 08:08:18.245, 100 %, 38, 52, 284.41 W, 286.14 W, 1485 MHz, 1593 MHz
2023/08/23 08:08:18.250, 100 %, 38, 53, 284.41 W, 286.14 W, 1485 MHz, 1593 MHz
2023/08/23 08:08:18.258, 100 %, 38, 52, 284.41 W, 286.14 W, 1485 MHz, 1593 MHz
2023/08/23 08:08:18.264, 100 %, 38, 52, 284.41 W, 286.14 W, 1485 MHz, 1593 MHz
2023/08/23 08:08:18.270, 100 %, 38, 53, 284.41 W, 286.14 W, 1485 MHz, 1593 MHz
2023/08/23 08:08:18.280, 100 %, 38, 53, 284.41 W, 286.14 W, 1485 MHz, 1593 MHz
2023/08/23 08:08:18.286, 100 %, 38, 52, 284.41 W, 282.25 W, 1485 MHz, 1593 MHz
2023/08/23 08:08:18.293, 100 %, 38, 52, 284.22 W, 282.25 W, 1485 MHz, 1593 MHz
2023/08/23 08:08:18.308, 100 %, 38, 53, 284.22 W, 282.25 W, 1485 MHz, 1593 MHz
2023/08/23 08:08:18.317, 100 %, 38, 52, 284.22 W, 282.25 W, 1485 MHz, 1593 MHz
2023/08/23 08:08:18.323, 100 %, 38, 52, 284.22 W, 282.25 W, 1485 MHz, 1593 MHz
2023/08/23 08:08:18.327, 100 %, 38, 52, 284.22 W, 282.25 W, 1485 MHz, 1593 MHz
2023/08/23 08:08:18.333, 100 %, 38, 52, 284.22 W, 282.25 W, 1485 MHz, 1593 MHz
2023/08/23 08:08:18.339, 100 %, 38, 52, 284.22 W, 282.25 W, 1485 MHz, 1593 MHz
2023/08/23 08:08:18.344, 100 %, 38, 52, 284.22 W, 282.25 W, 1485 MHz, 1593 MHz
2023/08/23 08:08:18.350, 100 %, 38, 53, 284.22 W, 282.25 W, 1485 MHz, 1593 MHz
2023/08/23 08:08:18.358, 100 %, 38, 53, 284.22 W, 282.25 W, 1485 MHz, 1593 MHz
2023/08/23 08:08:18.363, 100 %, 38, 52, 284.22 W, 282.25 W, 1485 MHz, 1593 MHz
2023/08/23 08:08:18.368, 100 %, 38, 52, 284.22 W, 282.25 W, 1485 MHz, 1593 MHz
2023/08/23 08:08:18.380, 100 %, 38, 52, 284.22 W, 282.25 W, 1485 MHz, 1593 MHz
2023/08/23 08:08:18.386, 100 %, 37, 52, 276.75 W, 215.87 W, 1620 MHz, 1593 MHz
2023/08/23 08:08:18.407, 100 %, 36, 52, 276.75 W, 215.87 W, 1680 MHz, 1593 MHz
2023/08/23 08:08:18.419, 100 %, 36, 51, 276.75 W, 215.87 W, 1680 MHz, 1593 MHz
2023/08/23 08:08:18.424, 100 %, 36, 51, 276.75 W, 215.87 W, 1680 MHz, 1593 MHz
2023/08/23 08:08:18.430, 100 %, 36, 51, 276.75 W, 215.87 W, 1710 MHz, 1593 MHz
2023/08/23 08:08:18.440, 100 %, 36, 52, 276.75 W, 215.87 W, 1710 MHz, 1593 MHz
2023/08/23 08:08:18.445, 100 %, 36, 52, 276.75 W, 215.87 W, 1710 MHz, 1593 MHz
2023/08/23 08:08:18.450, 100 %, 36, 51, 276.75 W, 215.87 W, 1725 MHz, 1593 MHz
2023/08/23 08:08:18.459, 100 %, 35, 51, 276.75 W, 215.87 W, 1725 MHz, 1593 MHz
2023/08/23 08:08:18.465, 100 %, 35, 51, 276.75 W, 215.87 W, 1725 MHz, 1593 MHz
2023/08/23 08:08:18.470, 100 %, 35, 51, 276.75 W, 215.87 W, 1740 MHz, 1593 MHz
2023/08/23 08:08:18.482, 100 %, 35, 51, 276.75 W, 215.87 W, 1740 MHz, 1593 MHz
2023/08/23 08:08:18.487, 100 %, 35, 51, 257.87 W, 76.65 W, 1740 MHz, 1593 MHz
2023/08/23 08:08:18.506, 48 %, 35, 50, 257.87 W, 76.65 W, 1740 MHz, 1593 MHz
2023/08/23 08:08:18.512, 48 %, 35, 51, 257.87 W, 76.65 W, 1740 MHz, 1593 MHz
2023/08/23 08:08:18.518, 48 %, 35, 51, 257.87 W, 76.65 W, 1740 MHz, 1593 MHz
2023/08/23 08:08:18.524, 48 %, 35, 51, 257.87 W, 76.65 W, 1740 MHz, 1593 MHz
2023/08/23 08:08:18.529, 48 %, 35, 50, 257.87 W, 76.65 W, 1740 MHz, 1593 MHz
2023/08/23 08:08:18.537, 48 %, 35, 50, 257.87 W, 76.65 W, 1740 MHz, 1593 MHz
2023/08/23 08:08:18.543, 48 %, 35, 50, 257.87 W, 76.65 W, 1740 MHz, 1593 MHz
2023/08/23 08:08:18.548, 48 %, 35, 51, 257.87 W, 76.65 W, 1740 MHz, 1593 MHz
2023/08/23 08:08:18.557, 48 %, 35, 50, 257.87 W, 76.65 W, 1740 MHz, 1593 MHz
2023/08/23 08:08:18.563, 48 %, 35, 51, 257.87 W, 76.65 W, 1740 MHz, 1593 MHz
2023/08/23 08:08:18.568, 48 %, 35, 51, 257.87 W, 76.65 W, 1740 MHz, 1593 MHz
2023/08/23 08:08:18.579, 48 %, 35, 50, 257.87 W, 76.65 W, 1740 MHz, 1593 MHz
2023/08/23 08:08:18.584, 48 %, 35, 50, 257.87 W, 76.55 W, 1740 MHz, 1593 MHz
2023/08/23 08:08:18.591, 48 %, 35, 50, 234.46 W, 76.55 W, 1740 MHz, 1593 MHz
2023/08/23 08:08:18.607, 48 %, 35, 50, 234.46 W, 76.55 W, 1740 MHz, 1593 MHz
2023/08/23 08:08:18.613, 48 %, 35, 50, 234.46 W, 76.55 W, 1740 MHz, 1593 MHz
2023/08/23 08:08:18.620, 48 %, 35, 50, 234.46 W, 76.55 W, 1740 MHz, 1593 MHz
2023/08/23 08:08:18.626, 48 %, 35, 50, 234.46 W, 76.55 W, 1740 MHz, 1593 MHz
2023/08/23 08:08:18.631, 48 %, 35, 50, 234.46 W, 76.55 W, 1740 MHz, 1593 MHz
2023/08/23 08:08:18.638, 48 %, 35, 50, 234.46 W, 76.55 W, 1740 MHz, 1593 MHz
2023/08/23 08:08:18.644, 48 %, 35, 50, 234.46 W, 76.55 W, 1740 MHz, 1593 MHz
2023/08/23 08:08:18.650, 48 %, 35, 50, 234.46 W, 76.55 W, 1740 MHz, 1593 MHz
2023/08/23 08:08:18.658, 48 %, 35, 50, 234.46 W, 76.55 W, 1740 MHz, 1593 MHz
2023/08/23 08:08:18.665, 48 %, 35, 50, 234.46 W, 76.55 W, 1740 MHz, 1593 MHz
2023/08/23 08:08:18.670, 2 %, 34, 50, 220.52 W, 79.23 W, 1740 MHz, 1593 MHz
2023/08/23 08:08:18.708, 2 %, 34, 50, 220.52 W, 79.23 W, 1740 MHz, 1593 MHz
2023/08/23 08:08:18.713, 2 %, 34, 50, 220.52 W, 79.23 W, 1740 MHz, 1593 MHz
